-- phpMyAdmin SQL Dump
-- version 5.2.1
-- https://www.phpmyadmin.net/
--
-- Host: 127.0.0.1
-- Waktu pembuatan: 11 Des 2024 pada 14.50
-- Versi server: 8.1.0
-- Versi PHP: 8.1.17

SET SQL_MODE = "NO_AUTO_VALUE_ON_ZERO";
START TRANSACTION;
SET time_zone = "+00:00";


/*!40101 SET @OLD_CHARACTER_SET_CLIENT=@@CHARACTER_SET_CLIENT */;
/*!40101 SET @OLD_CHARACTER_SET_RESULTS=@@CHARACTER_SET_RESULTS */;
/*!40101 SET @OLD_COLLATION_CONNECTION=@@COLLATION_CONNECTION */;
/*!40101 SET NAMES utf8mb4 */;

--
-- Database: `exshoetic_db`
--

-- --------------------------------------------------------

--
-- Struktur dari tabel `admin`
--

CREATE TABLE `admin` (
  `idadmin` int NOT NULL,
  `username` varchar(12) CHARACTER SET utf8mb4 COLLATE utf8mb4_general_ci NOT NULL,
  `password` varchar(12) CHARACTER SET utf8mb4 COLLATE utf8mb4_general_ci NOT NULL
) ENGINE=InnoDB DEFAULT CHARSET=utf8mb4 COLLATE=utf8mb4_general_ci;

--
-- Dumping data untuk tabel `admin`
--

INSERT INTO `admin` (`idadmin`, `username`, `password`) VALUES
(1, 'e31230781', '123');

-- --------------------------------------------------------

--
-- Struktur dari tabel `customer`
--

CREATE TABLE `customer` (
  `Customer_ID` int NOT NULL,
  `Nama` varchar(255) CHARACTER SET utf8mb4 COLLATE utf8mb4_general_ci NOT NULL,
  `No_Hp` varchar(255) CHARACTER SET utf8mb4 COLLATE utf8mb4_general_ci NOT NULL,
  `Alamat` varchar(255) CHARACTER SET utf8mb4 COLLATE utf8mb4_general_ci NOT NULL,
  `keterangan` text CHARACTER SET utf8mb4 COLLATE utf8mb4_general_ci NOT NULL,
  `ID_Pesanan` int NOT NULL
) ENGINE=InnoDB DEFAULT CHARSET=utf8mb4 COLLATE=utf8mb4_general_ci;

--
-- Dumping data untuk tabel `customer`
--

INSERT INTO `customer` (`Customer_ID`, `Nama`, `No_Hp`, `Alamat`, `keterangan`, `ID_Pesanan`) VALUES
(101, 'Pranawa Dabukke', '0815994597', 'Jl. Gatot Subroto Gg. 90 RT/RW 03/02, Patrang, Jember', '', 2001),
(102, 'Sakura Sihotang, M.Pd', '0817515739', 'Perumahan Bumi Tegal Besar Blok 33 No. 7, Tegal Besar, Jember', '', 2002),
(103, 'Dalimin Mahendra', '0868911537', 'Jl. Gatot Subroto Gg. 55 RT/RW 03/02, Patrang, Jember', '', 2003),
(104, 'R.A. Intan Mustofa', '0812377143', 'Jl. Raya Sultan Agung No. 89, Sumbersari, Jember', '', 2004),
(105, 'Baktiono Lazuardi', '0863363046', 'Jl. PB Sudirman Kompleks 28 No. 23, Kaliwates, Jember', '', 2005),
(106, 'Tgk. Silvia Laksmiwati', '0845528484', 'Jl. Ahmad Yani Perumahan 54 Blok 10, Sumbersari, Jember', '', 2006),
(107, 'Kamila Mayasari', '0819615897', 'Jl. Gatot Subroto Gg. 73 RT/RW 03/02, Patrang, Jember', '', 2007),
(108, 'Zalindra Widodo', '0816656421', 'Jl. Raya Sultan Agung No. 30, Sumbersari, Jember', '', 2008),
(109, 'Ir. Wani Uwais, S.H.', '0825518863', 'Jl. PB Sudirman Kompleks 85 No. 22, Kaliwates, Jember', '', 2009),
(110, 'Ilsa Ramadan, M.Kom.', '0824494038', 'Jl. Raya Sultan Agung No. 28, Sumbersari, Jember', '', 2010),
(111, 'Cemani Andriani', '0831286557', 'Jl. Ahmad Yani Perumahan 23 Blok 37, Sumbersari, Jember', '', 2011),
(112, 'Gada Mardhiyah', '0834859580', 'Jl. Raya Sultan Agung No. 68, Sumbersari, Jember', '', 2012),
(113, 'Ciaobella Rajasa', '0886122925', 'Jl. Gatot Subroto Gg. 39 RT/RW 03/02, Patrang, Jember', '', 2013),
(114, 'Lukita Prakasa', '0878724770', 'Jl. Raya Sultan Agung No. 47, Sumbersari, Jember', '', 2014),
(115, 'Bancar Hasanah', '0870943269', 'Jl. Gatot Subroto Gg. 78 RT/RW 03/02, Patrang, Jember', '', 2015),
(116, 'Kamal Suryatmi', '0834778033', 'Perumahan Bumi Tegal Besar Blok 16 No. 24, Tegal Besar, Jember', '', 2016),
(117, 'Asman Laksita', '0875516974', 'Perumahan Bumi Tegal Besar Blok 47 No. 24, Tegal Besar, Jember', '', 2017),
(118, 'Safina Yulianti', '0880944869', 'Jl. Ahmad Yani Perumahan 43 Blok 3, Sumbersari, Jember', '', 2018),
(119, 'Tgk. Maya Rahmawati', '0892717522', 'Jl. PB Sudirman Kompleks 14 No. 15, Kaliwates, Jember', '', 2019),
(120, 'Kani Permata', '0812082960', 'Jl. PB Sudirman Kompleks 29 No. 47, Kaliwates, Jember', '', 2020),
(121, 'Icha Hutasoit', '0878941368', 'Jl. Gatot Subroto Gg. 49 RT/RW 03/02, Patrang, Jember', '', 2021),
(122, 'T. Gamani Hutagalung, S.H.', '0898372621', 'Perumahan Bumi Tegal Besar Blok 56 No. 46, Tegal Besar, Jember', '', 2022),
(123, 'Puti Queen Suwarno, M.Ak', '0871162296', 'Perumahan Bumi Tegal Besar Blok 64 No. 29, Tegal Besar, Jember', '', 2023),
(124, 'Siti Utama', '0879131312', 'Jl. Raya Sultan Agung No. 52, Sumbersari, Jember', '', 2024),
(125, 'Siska Novitasari, S.E.', '0898894165', 'Jl. Ahmad Yani Perumahan 96 Blok 8, Sumbersari, Jember', '', 2025),
(126, 'Unjani Farida', '0826746044', 'Jl. PB Sudirman Kompleks 67 No. 36, Kaliwates, Jember', '', 2026),
(127, 'Iriana Siregar', '0850716738', 'Jl. Raya Sultan Agung No. 16, Sumbersari, Jember', '', 2027),
(128, 'Makuta Widiastuti, M.Pd', '0863922100', 'Perumahan Bumi Tegal Besar Blok 45 No. 45, Tegal Besar, Jember', '', 2028),
(129, 'Ami Rahmawati', '0864185985', 'Jl. PB Sudirman Kompleks 33 No. 3, Kaliwates, Jember', '', 2029),
(130, 'Paris Wastuti', '0894787106', 'Jl. Ahmad Yani Perumahan 30 Blok 26, Sumbersari, Jember', '', 2030),
(131, 'Xanana Nuraini', '0846714009', 'Perumahan Bumi Tegal Besar Blok 41 No. 3, Tegal Besar, Jember', '', 2031),
(132, 'Labuh Iswahyudi', '0884687961', 'Jl. Raya Sultan Agung No. 17, Sumbersari, Jember', '', 2032),
(133, 'Jono Hartati', '0814866229', 'Jl. Gatot Subroto Gg. 98 RT/RW 03/02, Patrang, Jember', '', 2033),
(134, 'Eja Lazuardi', '0859904371', 'Perumahan Bumi Tegal Besar Blok 59 No. 9, Tegal Besar, Jember', '', 2034),
(135, 'Tri Dabukke', '0844564639', 'Perumahan Bumi Tegal Besar Blok 86 No. 5, Tegal Besar, Jember', '', 2035),
(136, 'Eli Mulyani, S.Ked', '0896058766', 'Perumahan Bumi Tegal Besar Blok 43 No. 39, Tegal Besar, Jember', '', 2036),
(137, 'H. Candrakanta Prakasa', '0849842806', 'Jl. Raya Sultan Agung No. 18, Sumbersari, Jember', '', 2037),
(138, 'Zelaya Simanjuntak', '0885577335', 'Jl. Gatot Subroto Gg. 99 RT/RW 03/02, Patrang, Jember', '', 2038),
(139, 'Yoga Mandasari, S.Psi', '0843372902', 'Jl. PB Sudirman Kompleks 49 No. 27, Kaliwates, Jember', '', 2039),
(140, 'Dartono Yulianti, S.Farm', '0855382724', 'Jl. Gatot Subroto Gg. 49 RT/RW 03/02, Patrang, Jember', '', 2040),
(141, 'Bakijan Permadi', '0849777931', 'Jl. PB Sudirman Kompleks 7 No. 42, Kaliwates, Jember', '', 2041),
(142, 'Azalea Hassanah', '0873781532', 'Jl. PB Sudirman Kompleks 28 No. 46, Kaliwates, Jember', '', 2042),
(143, 'dr. Dagel Wahyuni', '0824239758', 'Jl. Raya Sultan Agung No. 39, Sumbersari, Jember', '', 2043),
(144, 'Maria Wijaya', '0886225148', 'Jl. Ahmad Yani Perumahan 77 Blok 28, Sumbersari, Jember', '', 2044),
(145, 'Wirda Mulyani', '0859549302', 'Jl. Ahmad Yani Perumahan 15 Blok 21, Sumbersari, Jember', '', 2045),
(146, 'Silvia Sitorus, S.H.', '0827617571', 'Jl. Ahmad Yani Perumahan 18 Blok 35, Sumbersari, Jember', '', 2046),
(147, 'Tgk. Eman Winarsih', '0839129090', 'Jl. PB Sudirman Kompleks 5 No. 16, Kaliwates, Jember', '', 2047),
(148, 'Icha Hasanah, S.Pt', '0819011859', 'Jl. Gatot Subroto Gg. 52 RT/RW 03/02, Patrang, Jember', '', 2048),
(149, 'R.A. Shania Mangunsong', '0835844116', 'Perumahan Bumi Tegal Besar Blok 75 No. 29, Tegal Besar, Jember', '', 2049),
(150, 'Jamil Natsir', '0885794258', 'Perumahan Bumi Tegal Besar Blok 61 No. 49, Tegal Besar, Jember', '', 2050),
(151, 'Hafshah Januar', '0860879501', 'Perumahan Bumi Tegal Besar Blok 100 No. 44, Tegal Besar, Jember', '', 2051),
(152, 'Ir. Mahdi Prasetyo, S.Pd', '0875604471', 'Jl. Gatot Subroto Gg. 67 RT/RW 03/02, Patrang, Jember', '', 2052),
(153, 'Zizi Ramadan, S.T.', '0832958518', 'Perumahan Bumi Tegal Besar Blok 39 No. 38, Tegal Besar, Jember', '', 2053),
(154, 'Gara Irawan', '0813297763', 'Perumahan Bumi Tegal Besar Blok 65 No. 46, Tegal Besar, Jember', '', 2054),
(155, 'Michelle Safitri, S.E.', '0832953505', 'Jl. Gatot Subroto Gg. 28 RT/RW 03/02, Patrang, Jember', '', 2055),
(156, 'Zulaikha Simanjuntak, M.TI.', '0813307042', 'Jl. Ahmad Yani Perumahan 68 Blok 49, Sumbersari, Jember', '', 2056),
(157, 'Sutan Elvin Permata', '0892369247', 'Jl. Gatot Subroto Gg. 33 RT/RW 03/02, Patrang, Jember', '', 2057),
(158, 'Dian Firmansyah', '0893565797', 'Perumahan Bumi Tegal Besar Blok 4 No. 17, Tegal Besar, Jember', '', 2058),
(159, 'Faizah Budiyanto', '0851371965', 'Perumahan Bumi Tegal Besar Blok 95 No. 5, Tegal Besar, Jember', '', 2059),
(160, 'dr. Warsita Samosir', '0846748559', 'Perumahan Bumi Tegal Besar Blok 83 No. 8, Tegal Besar, Jember', '', 2060),
(161, 'Catur Utami', '0861922807', 'Perumahan Bumi Tegal Besar Blok 79 No. 47, Tegal Besar, Jember', '', 2061),
(162, 'Salwa Pradana', '0825528911', 'Jl. Gatot Subroto Gg. 89 RT/RW 03/02, Patrang, Jember', '', 2062),
(163, 'Oliva Suryatmi', '0834041273', 'Perumahan Bumi Tegal Besar Blok 85 No. 27, Tegal Besar, Jember', '', 2063),
(164, 'Drs. Tantri Santoso', '0815594477', 'Jl. Gatot Subroto Gg. 100 RT/RW 03/02, Patrang, Jember', '', 2064),
(165, 'Tgk. Cawuk Manullang', '0894249493', 'Perumahan Bumi Tegal Besar Blok 47 No. 16, Tegal Besar, Jember', '', 2065),
(166, 'Rahmat Waluyo', '0881867807', 'Perumahan Bumi Tegal Besar Blok 26 No. 13, Tegal Besar, Jember', '', 2066),
(167, 'Teguh Budiman, S.IP', '0876917649', 'Jl. Ahmad Yani Perumahan 54 Blok 45, Sumbersari, Jember', '', 2067),
(168, 'Kamila Mangunsong', '0875494233', 'Jl. Raya Sultan Agung No. 65, Sumbersari, Jember', '', 2068),
(169, 'R. Estiawan Kusumo', '0824135807', 'Jl. Gatot Subroto Gg. 27 RT/RW 03/02, Patrang, Jember', '', 2069),
(170, 'Padmi Hutapea', '0888468612', 'Jl. Raya Sultan Agung No. 37, Sumbersari, Jember', '', 2070),
(171, 'Cakrabuana Saputra', '0861289062', 'Jl. Gatot Subroto Gg. 7 RT/RW 03/02, Patrang, Jember', '', 2071),
(172, 'Drs. Wani Yuniar, S.E.', '0869087615', 'Perumahan Bumi Tegal Besar Blok 67 No. 20, Tegal Besar, Jember', '', 2072),
(173, 'Tgk. Baktiono Firmansyah', '0856335604', 'Jl. Raya Sultan Agung No. 17, Sumbersari, Jember', '', 2073),
(174, 'Drs. Kasiran Permadi', '0847773085', 'Perumahan Bumi Tegal Besar Blok 22 No. 35, Tegal Besar, Jember', '', 2074),
(175, 'Baktiono Widodo', '0894631680', 'Jl. Ahmad Yani Perumahan 56 Blok 45, Sumbersari, Jember', '', 2075),
(176, 'Nabila Nasyidah', '0850243493', 'Jl. Ahmad Yani Perumahan 56 Blok 10, Sumbersari, Jember', '', 2076),
(177, 'Tgk. Rini Gunawan', '0844949157', 'Jl. Ahmad Yani Perumahan 39 Blok 24, Sumbersari, Jember', '', 2077),
(178, 'Juli Napitupulu', '0822869621', 'Perumahan Bumi Tegal Besar Blok 33 No. 6, Tegal Besar, Jember', '', 2078),
(179, 'Gantar Novitasari', '0875287461', 'Jl. PB Sudirman Kompleks 12 No. 36, Kaliwates, Jember', '', 2079),
(180, 'Jessica Simbolon', '0835202655', 'Perumahan Bumi Tegal Besar Blok 9 No. 5, Tegal Besar, Jember', '', 2080),
(181, 'Tgk. Ganjaran Simanjuntak, S.Psi', '0851184222', 'Jl. Gatot Subroto Gg. 87 RT/RW 03/02, Patrang, Jember', '', 2081),
(182, 'Kemba Safitri', '0897892542', 'Jl. Ahmad Yani Perumahan 33 Blok 45, Sumbersari, Jember', '', 2082),
(183, 'R. Putri Winarsih, M.Farm', '0845841192', 'Perumahan Bumi Tegal Besar Blok 49 No. 21, Tegal Besar, Jember', '', 2083),
(184, 'R.A. Ana Lestari', '0814487435', 'Jl. Raya Sultan Agung No. 43, Sumbersari, Jember', '', 2084),
(185, 'dr. Kamaria Hutagalung, M.Ak', '0872412863', 'Jl. Gatot Subroto Gg. 46 RT/RW 03/02, Patrang, Jember', '', 2085),
(186, 'dr. Bagya Yuniar, S.Farm', '0870091135', 'Perumahan Bumi Tegal Besar Blok 47 No. 32, Tegal Besar, Jember', '', 2086),
(187, 'Hj. Kania Prabowo, M.M.', '0837828630', 'Jl. Gatot Subroto Gg. 9 RT/RW 03/02, Patrang, Jember', '', 2087),
(188, 'Limar Januar', '0844244353', 'Jl. Ahmad Yani Perumahan 35 Blok 20, Sumbersari, Jember', '', 2088),
(189, 'Dasa Prastuti, S.IP', '0863505128', 'Perumahan Bumi Tegal Besar Blok 21 No. 23, Tegal Besar, Jember', '', 2089),
(190, 'drg. Ophelia Megantara', '0830112872', 'Jl. PB Sudirman Kompleks 67 No. 41, Kaliwates, Jember', '', 2090),
(191, 'Eli Oktaviani', '0888922839', 'Jl. Raya Sultan Agung No. 36, Sumbersari, Jember', '', 2091),
(192, 'Winda Wibisono', '0864754042', 'Jl. Ahmad Yani Perumahan 63 Blok 24, Sumbersari, Jember', '', 2092),
(193, 'R.A. Azalea Damanik, M.TI.', '0888989217', 'Jl. Ahmad Yani Perumahan 75 Blok 12, Sumbersari, Jember', '', 2093),
(194, 'Pandu Nuraini', '0895944234', 'Jl. Ahmad Yani Perumahan 66 Blok 46, Sumbersari, Jember', '', 2094),
(195, 'Adika Hidayanto, S.Pd', '0863888291', 'Perumahan Bumi Tegal Besar Blok 10 No. 10, Tegal Besar, Jember', '', 2095),
(196, 'Belinda Astuti', '0832609590', 'Jl. PB Sudirman Kompleks 97 No. 19, Kaliwates, Jember', '', 2096),
(197, 'Tgk. Restu Novitasari', '0849597458', 'Jl. Gatot Subroto Gg. 22 RT/RW 03/02, Patrang, Jember', '', 2097),
(198, 'Harimurti Padmasari', '0891317498', 'Jl. Ahmad Yani Perumahan 34 Blok 10, Sumbersari, Jember', '', 2098),
(199, 'Prabowo Setiawan', '0868799576', 'Jl. Ahmad Yani Perumahan 33 Blok 14, Sumbersari, Jember', '', 2099),
(200, 'dr. Purwadi Suryatmi', '0839454105', 'Perumahan Bumi Tegal Besar Blok 28 No. 22, Tegal Besar, Jember', '', 2100),
(201, 'Hj. Nova Hutagalung', '0843143235', 'Jl. PB Sudirman Kompleks 53 No. 36, Kaliwates, Jember', '', 2101),
(202, 'Yahya Pratama', '0861912753', 'Jl. Raya Sultan Agung No. 70, Sumbersari, Jember', '', 2102),
(203, 'Wisnu Purwanti, S.IP', '0816553496', 'Jl. Gatot Subroto Gg. 72 RT/RW 03/02, Patrang, Jember', '', 2103),
(204, 'Jarwa Simbolon', '0811428069', 'Jl. Ahmad Yani Perumahan 49 Blok 43, Sumbersari, Jember', '', 2104),
(205, 'Aslijan Suryatmi', '0847028922', 'Perumahan Bumi Tegal Besar Blok 84 No. 7, Tegal Besar, Jember', '', 2105),
(206, 'Chelsea Saragih', '0875455128', 'Jl. PB Sudirman Kompleks 78 No. 27, Kaliwates, Jember', '', 2106),
(207, 'Adiarja Wulandari', '0847803029', 'Jl. Gatot Subroto Gg. 32 RT/RW 03/02, Patrang, Jember', '', 2107),
(208, 'Cemplunk Siregar', '0812619842', 'Jl. PB Sudirman Kompleks 67 No. 13, Kaliwates, Jember', '', 2108),
(209, 'dr. Calista Firgantoro', '0888203309', 'Perumahan Bumi Tegal Besar Blok 55 No. 38, Tegal Besar, Jember', '', 2109),
(210, 'Gambira Zulaika', '0899813610', 'Jl. PB Sudirman Kompleks 32 No. 29, Kaliwates, Jember', '', 2110),
(211, 'Vera Rajasa', '0859494759', 'Jl. Gatot Subroto Gg. 92 RT/RW 03/02, Patrang, Jember', '', 2111),
(212, 'R.A. Puspa Narpati', '0870761764', 'Jl. Raya Sultan Agung No. 94, Sumbersari, Jember', '', 2112),
(213, 'Jail Natsir', '0863605634', 'Jl. Raya Sultan Agung No. 80, Sumbersari, Jember', '', 2113),
(214, 'Uda Natsir, S.IP', '0826006750', 'Perumahan Bumi Tegal Besar Blok 24 No. 11, Tegal Besar, Jember', '', 2114),
(215, 'Farhunnisa Mandasari', '0878287201', 'Perumahan Bumi Tegal Besar Blok 18 No. 16, Tegal Besar, Jember', '', 2115),
(216, 'Ir. Kurnia Sihombing', '0831392143', 'Jl. Ahmad Yani Perumahan 91 Blok 32, Sumbersari, Jember', '', 2116),
(217, 'Praba Purwanti', '0849149595', 'Jl. Ahmad Yani Perumahan 79 Blok 19, Sumbersari, Jember', '', 2117),
(218, 'Cengkir Wastuti', '0886583251', 'Jl. PB Sudirman Kompleks 60 No. 23, Kaliwates, Jember', '', 2118),
(219, 'Ir. Hafshah Dabukke, M.Kom.', '0827601917', 'Jl. Ahmad Yani Perumahan 32 Blok 16, Sumbersari, Jember', '', 2119),
(220, 'Dr. Anom Putra, M.Kom.', '0858026958', 'Jl. Ahmad Yani Perumahan 17 Blok 30, Sumbersari, Jember', '', 2120),
(221, 'dr. Laila Prabowo', '0833074081', 'Perumahan Bumi Tegal Besar Blok 59 No. 1, Tegal Besar, Jember', '', 2121),
(222, 'dr. Karen Permadi', '0878239534', 'Jl. PB Sudirman Kompleks 63 No. 19, Kaliwates, Jember', '', 2122),
(223, 'Cinta Gunawan', '0880504710', 'Jl. PB Sudirman Kompleks 72 No. 2, Kaliwates, Jember', '', 2123),
(224, 'Patricia Tarihoran', '0858576540', 'Jl. PB Sudirman Kompleks 5 No. 42, Kaliwates, Jember', '', 2124),
(225, 'Bagya Nurdiyanti', '0875659066', 'Jl. Gatot Subroto Gg. 10 RT/RW 03/02, Patrang, Jember', '', 2125),
(226, 'Kadir Nainggolan', '0847055350', 'Perumahan Bumi Tegal Besar Blok 65 No. 45, Tegal Besar, Jember', '', 2126),
(227, 'Dt. Rudi Pertiwi, S.Sos', '0873378823', 'Jl. Raya Sultan Agung No. 51, Sumbersari, Jember', '', 2127),
(228, 'Keisha Gunawan', '0825565555', 'Jl. PB Sudirman Kompleks 80 No. 33, Kaliwates, Jember', '', 2128),
(229, 'Radika Kuswandari', '0886124747', 'Jl. PB Sudirman Kompleks 73 No. 49, Kaliwates, Jember', '', 2129),
(230, 'R.M. Darmaji Widiastuti, S.Sos', '0871296825', 'Jl. Gatot Subroto Gg. 50 RT/RW 03/02, Patrang, Jember', '', 2130),
(231, 'Hana Farida', '0850981557', 'Jl. Raya Sultan Agung No. 80, Sumbersari, Jember', '', 2131),
(232, 'drg. Oskar Ramadan', '0835386814', 'Perumahan Bumi Tegal Besar Blok 93 No. 16, Tegal Besar, Jember', '', 2132),
(233, 'Jais Wasita', '0863741648', 'Jl. Raya Sultan Agung No. 76, Sumbersari, Jember', '', 2133),
(234, 'Ir. Cemplunk Mandasari', '0844616953', 'Jl. PB Sudirman Kompleks 79 No. 18, Kaliwates, Jember', '', 2134),
(235, 'Artanto Simbolon, S.Sos', '0813546731', 'Jl. Gatot Subroto Gg. 98 RT/RW 03/02, Patrang, Jember', '', 2135),
(236, 'Dinda Budiman', '0872172052', 'Jl. Ahmad Yani Perumahan 34 Blok 26, Sumbersari, Jember', '', 2136),
(237, 'Keisha Hasanah, M.Farm', '0839846779', 'Perumahan Bumi Tegal Besar Blok 77 No. 43, Tegal Besar, Jember', '', 2137),
(238, 'drg. Puti Wibisono, M.M.', '0874603040', 'Jl. Raya Sultan Agung No. 98, Sumbersari, Jember', '', 2138),
(239, 'Zizi Puspita', '0893032705', 'Jl. PB Sudirman Kompleks 3 No. 22, Kaliwates, Jember', '', 2139),
(240, 'Jaeman Wastuti', '0839317324', 'Jl. Ahmad Yani Perumahan 87 Blok 32, Sumbersari, Jember', '', 2140),
(241, 'T. Darmaji Permata', '0859621124', 'Jl. Ahmad Yani Perumahan 77 Blok 28, Sumbersari, Jember', '', 2141),
(242, 'Mustofa Melani, M.M.', '0842217872', 'Jl. Gatot Subroto Gg. 23 RT/RW 03/02, Patrang, Jember', '', 2142),
(243, 'Gandi Thamrin', '0829895805', 'Jl. PB Sudirman Kompleks 20 No. 49, Kaliwates, Jember', '', 2143),
(244, 'Salwa Kusumo', '0892463703', 'Jl. Gatot Subroto Gg. 57 RT/RW 03/02, Patrang, Jember', '', 2144),
(245, 'Galuh Sirait', '0895016589', 'Perumahan Bumi Tegal Besar Blok 12 No. 7, Tegal Besar, Jember', '', 2145),
(246, 'Irsad Hassanah', '0842226454', 'Jl. Raya Sultan Agung No. 96, Sumbersari, Jember', '', 2146),
(247, 'Ulva Wahyuni', '0840361407', 'Perumahan Bumi Tegal Besar Blok 55 No. 16, Tegal Besar, Jember', '', 2147),
(248, 'Umaya Aryani', '0841075067', 'Jl. Raya Sultan Agung No. 10, Sumbersari, Jember', '', 2148),
(249, 'Langgeng Haryanti', '0889688946', 'Perumahan Bumi Tegal Besar Blok 95 No. 28, Tegal Besar, Jember', '', 2149),
(250, 'Tasnim Setiawan', '0860886953', 'Jl. Ahmad Yani Perumahan 43 Blok 47, Sumbersari, Jember', '', 2150),
(251, 'Yahya Utami', '0874265802', 'Jl. Gatot Subroto Gg. 6 RT/RW 03/02, Patrang, Jember', '', 2151),
(252, 'drg. Fathonah Adriansyah', '0879008805', 'Jl. Gatot Subroto Gg. 45 RT/RW 03/02, Patrang, Jember', '', 2152),
(253, 'Ir. Raisa Rahayu, M.Farm', '0868286896', 'Jl. Gatot Subroto Gg. 29 RT/RW 03/02, Patrang, Jember', '', 2153),
(254, 'Hesti Mustofa', '0834179196', 'Jl. Gatot Subroto Gg. 71 RT/RW 03/02, Patrang, Jember', '', 2154),
(255, 'Bahuraksa Maryati, S.I.Kom', '0832696911', 'Jl. Raya Sultan Agung No. 34, Sumbersari, Jember', '', 2155),
(256, 'Paulin Hutasoit', '0820361313', 'Jl. Ahmad Yani Perumahan 40 Blok 47, Sumbersari, Jember', '', 2156),
(257, 'KH. Purwa Maryadi', '0889638209', 'Jl. Gatot Subroto Gg. 13 RT/RW 03/02, Patrang, Jember', '', 2157),
(258, 'Edi Latupono', '0854013841', 'Jl. Gatot Subroto Gg. 89 RT/RW 03/02, Patrang, Jember', '', 2158),
(259, 'Sabri Permadi', '0824209096', 'Perumahan Bumi Tegal Besar Blok 37 No. 44, Tegal Besar, Jember', '', 2159),
(260, 'Eman Mandasari, S.E.I', '0823782982', 'Jl. PB Sudirman Kompleks 84 No. 9, Kaliwates, Jember', '', 2160),
(261, 'Ibrahim Suryatmi', '0880426885', 'Perumahan Bumi Tegal Besar Blok 53 No. 39, Tegal Besar, Jember', '', 2161),
(262, 'Malik Wacana, M.Kom.', '0816519578', 'Jl. Raya Sultan Agung No. 80, Sumbersari, Jember', '', 2162),
(263, 'Maimunah Pranowo', '0818101135', 'Jl. PB Sudirman Kompleks 38 No. 22, Kaliwates, Jember', '', 2163),
(264, 'Puspa Lestari', '0880331754', 'Jl. PB Sudirman Kompleks 42 No. 11, Kaliwates, Jember', '', 2164),
(265, 'Nabila Yolanda', '0826451395', 'Jl. Raya Sultan Agung No. 88, Sumbersari, Jember', '', 2165),
(266, 'Caraka Pratama', '0869445072', 'Jl. Ahmad Yani Perumahan 12 Blok 44, Sumbersari, Jember', '', 2166),
(267, 'Darijan Sudiati', '0828769735', 'Perumahan Bumi Tegal Besar Blok 96 No. 1, Tegal Besar, Jember', '', 2167),
(268, 'Gambira Laksita', '0884509567', 'Jl. Raya Sultan Agung No. 55, Sumbersari, Jember', '', 2168),
(269, 'Lalita Waskita, S.Kom', '0815818222', 'Jl. Raya Sultan Agung No. 15, Sumbersari, Jember', '', 2169),
(270, 'Ir. Ajimin Waluyo', '0845111477', 'Jl. Raya Sultan Agung No. 93, Sumbersari, Jember', '', 2170),
(271, 'Setya Wulandari', '0865401426', 'Perumahan Bumi Tegal Besar Blok 87 No. 38, Tegal Besar, Jember', '', 2171),
(272, 'Arta Puspita, S.H.', '0822048066', 'Jl. Gatot Subroto Gg. 96 RT/RW 03/02, Patrang, Jember', '', 2172),
(273, 'Kasiyah Prastuti', '0863578438', 'Jl. Gatot Subroto Gg. 90 RT/RW 03/02, Patrang, Jember', '', 2173),
(274, 'Rahmi Andriani, S.Farm', '0838628328', 'Jl. Raya Sultan Agung No. 92, Sumbersari, Jember', '', 2174),
(275, 'Rahmi Purwanti', '0844121902', 'Perumahan Bumi Tegal Besar Blok 33 No. 32, Tegal Besar, Jember', '', 2175),
(276, 'Chandra Nababan', '0836661915', 'Perumahan Bumi Tegal Besar Blok 90 No. 30, Tegal Besar, Jember', '', 2176),
(277, 'Raisa Suartini', '0843903136', 'Jl. Raya Sultan Agung No. 17, Sumbersari, Jember', '', 2177),
(278, 'Ani Puspasari', '0872686087', 'Jl. Ahmad Yani Perumahan 73 Blok 12, Sumbersari, Jember', '', 2178),
(279, 'Diana Wastuti', '0898125397', 'Jl. Gatot Subroto Gg. 38 RT/RW 03/02, Patrang, Jember', '', 2179),
(280, 'Vivi Rahimah', '0826701381', 'Jl. PB Sudirman Kompleks 36 No. 27, Kaliwates, Jember', '', 2180),
(281, 'Puti Vanesa Simanjuntak, M.Farm', '0883036915', 'Jl. Raya Sultan Agung No. 99, Sumbersari, Jember', '', 2181),
(282, 'Sakura Zulkarnain, M.TI.', '0864801427', 'Perumahan Bumi Tegal Besar Blok 5 No. 2, Tegal Besar, Jember', '', 2182),
(283, 'Rina Safitri, S.T.', '0856413039', 'Perumahan Bumi Tegal Besar Blok 100 No. 10, Tegal Besar, Jember', '', 2183),
(284, 'R.A. Kamaria Nasyiah, S.Psi', '0875963705', 'Jl. Ahmad Yani Perumahan 78 Blok 28, Sumbersari, Jember', '', 2184),
(285, 'Rahmi Hutapea, S.Farm', '0817432158', 'Jl. Raya Sultan Agung No. 6, Sumbersari, Jember', '', 2185),
(286, 'Ayu Haryanto', '0891434558', 'Jl. PB Sudirman Kompleks 14 No. 25, Kaliwates, Jember', '', 2186),
(287, 'Hana Haryanto', '0843136608', 'Jl. Ahmad Yani Perumahan 43 Blok 49, Sumbersari, Jember', '', 2187),
(288, 'Umay Mustofa, M.TI.', '0836119301', 'Jl. Raya Sultan Agung No. 65, Sumbersari, Jember', '', 2188),
(289, 'Olga Adriansyah', '0813053208', 'Jl. Ahmad Yani Perumahan 52 Blok 33, Sumbersari, Jember', '', 2189),
(290, 'drg. Fitria Pratama, S.H.', '0879594114', 'Jl. Gatot Subroto Gg. 47 RT/RW 03/02, Patrang, Jember', '', 2190),
(291, 'Jindra Firgantoro, M.Pd', '0831938277', 'Jl. PB Sudirman Kompleks 84 No. 10, Kaliwates, Jember', '', 2191),
(292, 'Gaduh Kuswoyo', '0865358184', 'Jl. Ahmad Yani Perumahan 13 Blok 15, Sumbersari, Jember', '', 2192),
(293, 'drg. Cinthia Lestari', '0871409929', 'Jl. Raya Sultan Agung No. 25, Sumbersari, Jember', '', 2193),
(294, 'Rafid Natsir, S.Gz', '0825055544', 'Jl. PB Sudirman Kompleks 14 No. 26, Kaliwates, Jember', '', 2194),
(295, 'R.A. Paulin Padmasari, S.Ked', '0897491155', 'Jl. Ahmad Yani Perumahan 33 Blok 35, Sumbersari, Jember', '', 2195),
(296, 'Cagak Setiawan', '0875168396', 'Jl. Raya Sultan Agung No. 3, Sumbersari, Jember', '', 2196),
(297, 'Karen Nuraini, S.T.', '0818346415', 'Jl. Raya Sultan Agung No. 76, Sumbersari, Jember', '', 2197),
(298, 'Cut Aisyah Sihotang', '0860084972', 'Jl. Gatot Subroto Gg. 71 RT/RW 03/02, Patrang, Jember', '', 2198),
(299, 'Johan Laksmiwati', '0868591688', 'Jl. PB Sudirman Kompleks 18 No. 33, Kaliwates, Jember', '', 2199),
(300, 'Cut Hafshah Dongoran, M.Ak', '0886935730', 'Perumahan Bumi Tegal Besar Blok 14 No. 20, Tegal Besar, Jember', '', 2200),
(301, 'Dt. Taufan Habibi, S.Kom', '0821296419', 'Jl. Gatot Subroto Gg. 73 RT/RW 03/02, Patrang, Jember', '', 2201),
(302, 'Dono Nababan', '0816359294', 'Jl. PB Sudirman Kompleks 55 No. 5, Kaliwates, Jember', '', 2202),
(303, 'Kairav Nasyidah, S.I.Kom', '0821752774', 'Jl. Raya Sultan Agung No. 49, Sumbersari, Jember', '', 2203),
(304, 'Ophelia Habibi', '0852926000', 'Jl. Gatot Subroto Gg. 95 RT/RW 03/02, Patrang, Jember', '', 2204),
(305, 'dr. Raisa Kuswandari', '0830135739', 'Jl. Ahmad Yani Perumahan 97 Blok 37, Sumbersari, Jember', '', 2205),
(306, 'Elvin Mansur, S.Farm', '0854621219', 'Jl. Ahmad Yani Perumahan 18 Blok 43, Sumbersari, Jember', '', 2206),
(307, 'Yessi Jailani', '0852746036', 'Jl. Gatot Subroto Gg. 5 RT/RW 03/02, Patrang, Jember', '', 2207),
(308, 'Rafid Pratama', '0824438385', 'Jl. Ahmad Yani Perumahan 13 Blok 28, Sumbersari, Jember', '', 2208),
(309, 'Gambira Simbolon, S.E.', '0897285056', 'Perumahan Bumi Tegal Besar Blok 49 No. 28, Tegal Besar, Jember', '', 2209),
(310, 'Drs. Okta Maryadi, M.TI.', '0862062307', 'Jl. Gatot Subroto Gg. 81 RT/RW 03/02, Patrang, Jember', '', 2210),
(311, 'Kania Nababan', '0822602140', 'Jl. Gatot Subroto Gg. 54 RT/RW 03/02, Patrang, Jember', '', 2211),
(312, 'Maimunah Narpati', '0875005210', 'Jl. Ahmad Yani Perumahan 15 Blok 14, Sumbersari, Jember', '', 2212),
(313, 'Drs. Estiono Wijaya, S.E.', '0824057976', 'Jl. Raya Sultan Agung No. 47, Sumbersari, Jember', '', 2213),
(314, 'Cut Rahmi Nuraini, M.TI.', '0858562560', 'Jl. Raya Sultan Agung No. 4, Sumbersari, Jember', '', 2214),
(315, 'Lala Putra', '0827487589', 'Jl. Gatot Subroto Gg. 31 RT/RW 03/02, Patrang, Jember', '', 2215),
(316, 'Wulan Hariyah', '0833195400', 'Perumahan Bumi Tegal Besar Blok 43 No. 10, Tegal Besar, Jember', '', 2216),
(317, 'Mahfud Rahayu', '0872285756', 'Jl. Raya Sultan Agung No. 30, Sumbersari, Jember', '', 2217),
(318, 'Reksa Yulianti', '0833212033', 'Jl. PB Sudirman Kompleks 39 No. 3, Kaliwates, Jember', '', 2218),
(319, 'Bancar Jailani', '0820184304', 'Jl. Ahmad Yani Perumahan 62 Blok 39, Sumbersari, Jember', '', 2219),
(320, 'Maria Saefullah', '0844921505', 'Jl. Raya Sultan Agung No. 86, Sumbersari, Jember', '', 2220),
(321, 'Oskar Saptono, M.Farm', '0861471186', 'Perumahan Bumi Tegal Besar Blok 27 No. 5, Tegal Besar, Jember', '', 2221),
(322, 'Arsipatra Kuswandari', '0852079338', 'Jl. Ahmad Yani Perumahan 61 Blok 5, Sumbersari, Jember', '', 2222),
(323, 'Ani Thamrin', '0858874516', 'Jl. Raya Sultan Agung No. 18, Sumbersari, Jember', '', 2223),
(324, 'Rusman Budiyanto', '0823964344', 'Perumahan Bumi Tegal Besar Blok 41 No. 1, Tegal Besar, Jember', '', 2224),
(325, 'Malika Namaga, S.Psi', '0835962647', 'Perumahan Bumi Tegal Besar Blok 44 No. 45, Tegal Besar, Jember', '', 2225),
(326, 'Paiman Suryatmi', '0819261407', 'Jl. Gatot Subroto Gg. 44 RT/RW 03/02, Patrang, Jember', '', 2226),
(327, 'Ajiono Pradipta', '0842097986', 'Jl. PB Sudirman Kompleks 36 No. 45, Kaliwates, Jember', '', 2227),
(328, 'Panji Handayani', '0821905778', 'Perumahan Bumi Tegal Besar Blok 30 No. 26, Tegal Besar, Jember', '', 2228),
(329, 'Xanana Iswahyudi', '0834378368', 'Jl. Gatot Subroto Gg. 46 RT/RW 03/02, Patrang, Jember', '', 2229),
(330, 'Kemal Pradipta', '0867566377', 'Jl. Raya Sultan Agung No. 71, Sumbersari, Jember', '', 2230),
(331, 'Hartaka Setiawan, S.Ked', '0835498141', 'Perumahan Bumi Tegal Besar Blok 48 No. 42, Tegal Besar, Jember', '', 2231),
(332, 'Humaira Laksita', '0861806468', 'Jl. Ahmad Yani Perumahan 1 Blok 13, Sumbersari, Jember', '', 2232),
(333, 'Wani Andriani', '0857557893', 'Jl. Raya Sultan Agung No. 53, Sumbersari, Jember', '', 2233),
(334, 'Tgk. Vanesa Lestari', '0831216442', 'Jl. Ahmad Yani Perumahan 5 Blok 31, Sumbersari, Jember', '', 2234),
(335, 'Garda Iswahyudi', '0827464574', 'Jl. Ahmad Yani Perumahan 9 Blok 40, Sumbersari, Jember', '', 2235),
(336, 'Luthfi Budiman', '0834774760', 'Jl. PB Sudirman Kompleks 88 No. 37, Kaliwates, Jember', '', 2236),
(337, 'Warta Astuti', '0819026059', 'Perumahan Bumi Tegal Besar Blok 2 No. 34, Tegal Besar, Jember', '', 2237),
(338, 'Darmanto Waskita', '0858843216', 'Jl. Ahmad Yani Perumahan 56 Blok 36, Sumbersari, Jember', '', 2238),
(339, 'drg. Cici Saefullah, S.E.I', '0863014894', 'Jl. PB Sudirman Kompleks 16 No. 2, Kaliwates, Jember', '', 2239),
(340, 'Tgk. Ayu Mayasari', '0834357821', 'Jl. PB Sudirman Kompleks 9 No. 34, Kaliwates, Jember', '', 2240),
(341, 'Ir. Dariati Prasetyo, S.Gz', '0841464457', 'Jl. Ahmad Yani Perumahan 82 Blok 36, Sumbersari, Jember', '', 2241),
(342, 'Cut Qori Budiman', '0847265914', 'Perumahan Bumi Tegal Besar Blok 20 No. 3, Tegal Besar, Jember', '', 2242),
(343, 'Garda Lailasari', '0853412880', 'Jl. PB Sudirman Kompleks 40 No. 6, Kaliwates, Jember', '', 2243),
(344, 'Humaira Haryanto', '0872113105', 'Jl. Gatot Subroto Gg. 5 RT/RW 03/02, Patrang, Jember', '', 2244),
(345, 'Kani Natsir', '0879367624', 'Jl. Ahmad Yani Perumahan 28 Blok 37, Sumbersari, Jember', '', 2245),
(346, 'Drs. Dirja Januar, M.Kom.', '0833352969', 'Jl. Raya Sultan Agung No. 84, Sumbersari, Jember', '', 2246),
(347, 'Luis Utama', '0866934983', 'Perumahan Bumi Tegal Besar Blok 13 No. 4, Tegal Besar, Jember', '', 2247),
(348, 'Narji Kusumo', '0823393592', 'Jl. PB Sudirman Kompleks 44 No. 43, Kaliwates, Jember', '', 2248),
(349, 'Harsaya Mulyani', '0811788006', 'Jl. PB Sudirman Kompleks 35 No. 13, Kaliwates, Jember', '', 2249),
(350, 'Qori Napitupulu', '0829953558', 'Jl. Gatot Subroto Gg. 15 RT/RW 03/02, Patrang, Jember', '', 2250),
(351, 'Asirwanda Pranowo', '0824931419', 'Jl. Ahmad Yani Perumahan 68 Blok 45, Sumbersari, Jember', '', 2251),
(352, 'Dian Purnawati', '0811798161', 'Jl. Gatot Subroto Gg. 7 RT/RW 03/02, Patrang, Jember', '', 2252),
(353, 'Tirtayasa Jailani', '0877729989', 'Jl. Gatot Subroto Gg. 31 RT/RW 03/02, Patrang, Jember', '', 2253),
(354, 'drg. Latika Sinaga', '0863471227', 'Jl. PB Sudirman Kompleks 56 No. 38, Kaliwates, Jember', '', 2254),
(355, 'Limar Saefullah', '0818691171', 'Jl. PB Sudirman Kompleks 76 No. 22, Kaliwates, Jember', '', 2255),
(356, 'Fitria Mardhiyah', '0831798433', 'Jl. Raya Sultan Agung No. 59, Sumbersari, Jember', '', 2256),
(357, 'Puti Yessi Waskita, M.Pd', '0870781195', 'Jl. Raya Sultan Agung No. 64, Sumbersari, Jember', '', 2257),
(358, 'Puti Talia Irawan, S.Psi', '0839413557', 'Perumahan Bumi Tegal Besar Blok 53 No. 45, Tegal Besar, Jember', '', 2258),
(359, 'Septi Wacana', '0844927786', 'Jl. PB Sudirman Kompleks 76 No. 30, Kaliwates, Jember', '', 2259),
(360, 'Lintang Mangunsong', '0861661387', 'Jl. Raya Sultan Agung No. 100, Sumbersari, Jember', '', 2260),
(361, 'Candra Nainggolan, M.Farm', '0867576918', 'Perumahan Bumi Tegal Besar Blok 88 No. 5, Tegal Besar, Jember', '', 2261),
(362, 'Eli Dongoran', '0839357731', 'Jl. PB Sudirman Kompleks 94 No. 46, Kaliwates, Jember', '', 2262),
(363, 'Soleh Mandala', '0898682233', 'Perumahan Bumi Tegal Besar Blok 69 No. 34, Tegal Besar, Jember', '', 2263),
(364, 'Julia Januar, S.Sos', '0849046686', 'Jl. PB Sudirman Kompleks 93 No. 26, Kaliwates, Jember', '', 2264),
(365, 'Emil Lestari, S.Pd', '0862675811', 'Jl. Raya Sultan Agung No. 90, Sumbersari, Jember', '', 2265),
(366, 'Lantar Permata', '0888792142', 'Jl. Ahmad Yani Perumahan 89 Blok 13, Sumbersari, Jember', '', 2266),
(367, 'Sabri Wacana', '0861973267', 'Jl. Gatot Subroto Gg. 56 RT/RW 03/02, Patrang, Jember', '', 2267),
(368, 'Ratna Natsir', '0838728533', 'Perumahan Bumi Tegal Besar Blok 37 No. 39, Tegal Besar, Jember', '', 2268),
(369, 'Puput Palastri, S.I.Kom', '0856259934', 'Jl. Raya Sultan Agung No. 25, Sumbersari, Jember', '', 2269),
(370, 'Lega Halimah', '0831965354', 'Jl. Gatot Subroto Gg. 58 RT/RW 03/02, Patrang, Jember', '', 2270),
(371, 'Danu Kusumo', '0862626653', 'Jl. PB Sudirman Kompleks 37 No. 32, Kaliwates, Jember', '', 2271),
(372, 'Paramita Widodo', '0897458426', 'Jl. Raya Sultan Agung No. 28, Sumbersari, Jember', '', 2272),
(373, 'Ilyas Wahyudin', '0889402014', 'Jl. PB Sudirman Kompleks 85 No. 15, Kaliwates, Jember', '', 2273),
(374, 'Dr. Winda Situmorang', '0828874628', 'Jl. Raya Sultan Agung No. 95, Sumbersari, Jember', '', 2274),
(375, 'Zelaya Kuswandari', '0814904046', 'Jl. Raya Sultan Agung No. 71, Sumbersari, Jember', '', 2275),
(376, 'Zamira Narpati', '0895346003', 'Jl. Ahmad Yani Perumahan 18 Blok 2, Sumbersari, Jember', '', 2276),
(377, 'Kariman Firmansyah', '0868049435', 'Jl. Raya Sultan Agung No. 13, Sumbersari, Jember', '', 2277),
(378, 'drg. Kunthara Maulana, S.Pd', '0879016592', 'Perumahan Bumi Tegal Besar Blok 32 No. 23, Tegal Besar, Jember', '', 2278),
(379, 'R. Omar Gunawan', '0899526110', 'Jl. Gatot Subroto Gg. 8 RT/RW 03/02, Patrang, Jember', '', 2279),
(380, 'Kardi Suwarno', '0834127672', 'Jl. PB Sudirman Kompleks 38 No. 49, Kaliwates, Jember', '', 2280),
(381, 'Eli Nurdiyanti', '0868447650', 'Jl. Ahmad Yani Perumahan 81 Blok 18, Sumbersari, Jember', '', 2281),
(382, 'Yulia Laksita', '0876184936', 'Jl. PB Sudirman Kompleks 43 No. 30, Kaliwates, Jember', '', 2282),
(383, 'Puti Agnes Pradipta', '0864388127', 'Perumahan Bumi Tegal Besar Blok 3 No. 7, Tegal Besar, Jember', '', 2283),
(384, 'Iriana Manullang', '0854276760', 'Jl. PB Sudirman Kompleks 5 No. 10, Kaliwates, Jember', '', 2284),
(385, 'Bella Nurdiyanti', '0890217976', 'Jl. Gatot Subroto Gg. 96 RT/RW 03/02, Patrang, Jember', '', 2285),
(386, 'Hilda Saragih, S.H.', '0895032878', 'Jl. PB Sudirman Kompleks 58 No. 1, Kaliwates, Jember', '', 2286),
(387, 'R. Salsabila Hasanah, S.Pd', '0889065922', 'Jl. PB Sudirman Kompleks 60 No. 8, Kaliwates, Jember', '', 2287),
(388, 'Vanya Wahyudin', '0861658922', 'Jl. Raya Sultan Agung No. 91, Sumbersari, Jember', '', 2288),
(389, 'drg. Sadina Prabowo', '0839557041', 'Jl. Gatot Subroto Gg. 54 RT/RW 03/02, Patrang, Jember', '', 2289),
(390, 'Hj. Laila Andriani', '0863587094', 'Jl. Ahmad Yani Perumahan 22 Blok 4, Sumbersari, Jember', '', 2290),
(391, 'Puti Lidya Lazuardi, S.Sos', '0866308086', 'Perumahan Bumi Tegal Besar Blok 42 No. 50, Tegal Besar, Jember', '', 2291),
(392, 'Jinawi Rahimah', '0832663879', 'Jl. Raya Sultan Agung No. 78, Sumbersari, Jember', '', 2292),
(393, 'Gilang Riyanti', '0866671720', 'Jl. Gatot Subroto Gg. 64 RT/RW 03/02, Patrang, Jember', '', 2293),
(394, 'Tgk. Kemba Ardianto, S.E.I', '0891485765', 'Jl. Raya Sultan Agung No. 85, Sumbersari, Jember', '', 2294),
(395, 'Tira Sudiati', '0876002243', 'Jl. Ahmad Yani Perumahan 28 Blok 9, Sumbersari, Jember', '', 2295),
(396, 'Arta Hutagalung, M.Ak', '0895259678', 'Jl. PB Sudirman Kompleks 33 No. 49, Kaliwates, Jember', '', 2296),
(397, 'Ellis Pangestu', '0881103903', 'Jl. Gatot Subroto Gg. 65 RT/RW 03/02, Patrang, Jember', '', 2297),
(398, 'Jane Hartati, S.H.', '0858299304', 'Jl. PB Sudirman Kompleks 14 No. 34, Kaliwates, Jember', '', 2298),
(399, 'Najwa Marbun', '0875263551', 'Perumahan Bumi Tegal Besar Blok 38 No. 47, Tegal Besar, Jember', '', 2299),
(400, 'Ilsa Prabowo, M.Ak', '0857848654', 'Jl. Gatot Subroto Gg. 68 RT/RW 03/02, Patrang, Jember', '', 2300),
(401, 'Kartika Widiastuti, S.Ked', '0872487321', 'Jl. PB Sudirman Kompleks 11 No. 32, Kaliwates, Jember', '', 2301),
(402, 'Ani Uyainah, S.Kom', '0824761816', 'Jl. Raya Sultan Agung No. 74, Sumbersari, Jember', '', 2302),
(403, 'Belinda Palastri', '0832718729', 'Jl. PB Sudirman Kompleks 13 No. 41, Kaliwates, Jember', '', 2303),
(404, 'Dr. Septi Manullang, S.Gz', '0832537057', 'Jl. PB Sudirman Kompleks 81 No. 5, Kaliwates, Jember', '', 2304),
(405, 'dr. Karen Hutagalung, S.Gz', '0826491849', 'Jl. PB Sudirman Kompleks 83 No. 48, Kaliwates, Jember', '', 2305),
(406, 'Wira Agustina', '0885221811', 'Jl. PB Sudirman Kompleks 20 No. 27, Kaliwates, Jember', '', 2306),
(407, 'Martana Najmudin', '0832348003', 'Jl. Raya Sultan Agung No. 98, Sumbersari, Jember', '', 2307),
(408, 'Umaya Suryatmi, S.Pd', '0839552746', 'Jl. Gatot Subroto Gg. 7 RT/RW 03/02, Patrang, Jember', '', 2308),
(409, 'Purwanto Mulyani, S.Kom', '0835429361', 'Jl. Raya Sultan Agung No. 74, Sumbersari, Jember', '', 2309),
(410, 'Ina Prasasta', '0869088211', 'Jl. Gatot Subroto Gg. 51 RT/RW 03/02, Patrang, Jember', '', 2310),
(411, 'Fathonah Marbun', '0816379793', 'Jl. PB Sudirman Kompleks 42 No. 26, Kaliwates, Jember', '', 2311),
(412, 'Hana Simanjuntak, S.Farm', '0824584825', 'Jl. Raya Sultan Agung No. 87, Sumbersari, Jember', '', 2312),
(413, 'R. Diana Mahendra', '0830129368', 'Jl. Raya Sultan Agung No. 29, Sumbersari, Jember', '', 2313),
(414, 'T. Luis Prastuti, M.Ak', '0887585765', 'Jl. Raya Sultan Agung No. 82, Sumbersari, Jember', '', 2314),
(415, 'Ulya Saefullah, S.E.I', '0827203635', 'Jl. PB Sudirman Kompleks 72 No. 14, Kaliwates, Jember', '', 2315),
(416, 'Diah Dongoran, S.Gz', '0848391231', 'Jl. Ahmad Yani Perumahan 34 Blok 14, Sumbersari, Jember', '', 2316),
(417, 'Bakti Suartini', '0853907518', 'Jl. Raya Sultan Agung No. 74, Sumbersari, Jember', '', 2317),
(418, 'Safina Mandasari', '0889144218', 'Jl. Raya Sultan Agung No. 68, Sumbersari, Jember', '', 2318),
(419, 'Maimunah Wijayanti', '0842677154', 'Jl. Gatot Subroto Gg. 14 RT/RW 03/02, Patrang, Jember', '', 2319),
(420, 'Anastasia Thamrin', '0839383493', 'Perumahan Bumi Tegal Besar Blok 78 No. 25, Tegal Besar, Jember', '', 2320),
(421, 'Zulfa Ardianto', '0899866685', 'Jl. PB Sudirman Kompleks 45 No. 12, Kaliwates, Jember', '', 2321),
(422, 'Teguh Najmudin', '0883885796', 'Jl. Gatot Subroto Gg. 13 RT/RW 03/02, Patrang, Jember', '', 2322),
(423, 'Ir. Calista Hasanah', '0849542452', 'Jl. Ahmad Yani Perumahan 1 Blok 2, Sumbersari, Jember', '', 2323),
(424, 'Abyasa Suartini', '0821252350', 'Perumahan Bumi Tegal Besar Blok 91 No. 49, Tegal Besar, Jember', '', 2324),
(425, 'Tgk. Bakijan Saragih', '0870654158', 'Perumahan Bumi Tegal Besar Blok 2 No. 40, Tegal Besar, Jember', '', 2325),
(426, 'Drs. Paris Irawan, M.Pd', '0882478063', 'Perumahan Bumi Tegal Besar Blok 9 No. 26, Tegal Besar, Jember', '', 2326),
(427, 'Vera Sinaga', '0885842039', 'Jl. Gatot Subroto Gg. 54 RT/RW 03/02, Patrang, Jember', '', 2327),
(428, 'Hari Sinaga', '0877229834', 'Jl. Ahmad Yani Perumahan 16 Blok 41, Sumbersari, Jember', '', 2328),
(429, 'Prasetya Lazuardi', '0895718100', 'Jl. Ahmad Yani Perumahan 96 Blok 6, Sumbersari, Jember', '', 2329),
(430, 'Gada Mangunsong', '0830895396', 'Jl. Ahmad Yani Perumahan 74 Blok 37, Sumbersari, Jember', '', 2330),
(431, 'Ir. Hesti Riyanti', '0882335231', 'Jl. Gatot Subroto Gg. 70 RT/RW 03/02, Patrang, Jember', '', 2331),
(432, 'Heru Suartini', '0854265670', 'Jl. Ahmad Yani Perumahan 35 Blok 7, Sumbersari, Jember', '', 2332),
(433, 'Wisnu Sinaga, S.I.Kom', '0872015335', 'Jl. Raya Sultan Agung No. 48, Sumbersari, Jember', '', 2333),
(434, 'Dt. Asirwada Habibi, S.Kom', '0860342465', 'Jl. Ahmad Yani Perumahan 37 Blok 2, Sumbersari, Jember', '', 2334),
(435, 'Baktianto Prakasa, S.Ked', '0841432705', 'Jl. Ahmad Yani Perumahan 35 Blok 8, Sumbersari, Jember', '', 2335),
(436, 'Nabila Maryati', '0898253673', 'Jl. Raya Sultan Agung No. 87, Sumbersari, Jember', '', 2336),
(437, 'Jessica Pangestu', '0857063647', 'Perumahan Bumi Tegal Besar Blok 11 No. 48, Tegal Besar, Jember', '', 2337),
(438, 'Cindy Sitorus', '0842243585', 'Jl. PB Sudirman Kompleks 7 No. 13, Kaliwates, Jember', '', 2338),
(439, 'Martaka Firmansyah', '0886364410', 'Jl. Ahmad Yani Perumahan 99 Blok 14, Sumbersari, Jember', '', 2339),
(440, 'Sabrina Hutagalung, S.Farm', '0887122751', 'Jl. Gatot Subroto Gg. 34 RT/RW 03/02, Patrang, Jember', '', 2340),
(441, 'Zulfa Manullang, M.Farm', '0835276887', 'Perumahan Bumi Tegal Besar Blok 66 No. 17, Tegal Besar, Jember', '', 2341),
(442, 'Kairav Pradipta', '0869033775', 'Jl. PB Sudirman Kompleks 83 No. 27, Kaliwates, Jember', '', 2342),
(443, 'Dian Widiastuti', '0850055385', 'Jl. Raya Sultan Agung No. 71, Sumbersari, Jember', '', 2343),
(444, 'Dt. Gara Suryono', '0856999192', 'Jl. Ahmad Yani Perumahan 42 Blok 35, Sumbersari, Jember', '', 2344),
(445, 'Wirda Samosir, S.Pd', '0816555855', 'Perumahan Bumi Tegal Besar Blok 92 No. 31, Tegal Besar, Jember', '', 2345),
(446, 'H. Nasim Sihombing', '0899757537', 'Jl. PB Sudirman Kompleks 4 No. 17, Kaliwates, Jember', '', 2346),
(447, 'Bakti Hardiansyah', '0821519887', 'Jl. Ahmad Yani Perumahan 70 Blok 46, Sumbersari, Jember', '', 2347),
(448, 'Dr. Jaswadi Rahimah, M.Farm', '0824636102', 'Jl. PB Sudirman Kompleks 50 No. 11, Kaliwates, Jember', '', 2348),
(449, 'Tgk. Eli Siregar, M.M.', '0822419783', 'Jl. Gatot Subroto Gg. 40 RT/RW 03/02, Patrang, Jember', '', 2349),
(450, 'KH. Salman Laksita', '0821033446', 'Jl. Ahmad Yani Perumahan 100 Blok 6, Sumbersari, Jember', '', 2350),
(451, 'Puti Indah Hastuti', '0863547832', 'Jl. Ahmad Yani Perumahan 11 Blok 29, Sumbersari, Jember', '', 2351),
(452, 'Zahra Waskita', '0845124203', 'Jl. PB Sudirman Kompleks 85 No. 7, Kaliwates, Jember', '', 2352),
(453, 'Tgk. Mala Suartini, S.Ked', '0837304243', 'Jl. Raya Sultan Agung No. 78, Sumbersari, Jember', '', 2353),
(454, 'Cengkir Oktaviani', '0878414484', 'Jl. PB Sudirman Kompleks 29 No. 20, Kaliwates, Jember', '', 2354),
(455, 'Drs. Rizki Marpaung, S.Gz', '0846449634', 'Jl. Raya Sultan Agung No. 95, Sumbersari, Jember', '', 2355),
(456, 'Laras Mansur', '0815637820', 'Perumahan Bumi Tegal Besar Blok 92 No. 34, Tegal Besar, Jember', '', 2356),
(457, 'Salsabila Permata', '0853124827', 'Jl. PB Sudirman Kompleks 71 No. 7, Kaliwates, Jember', '', 2357),
(458, 'Intan Marpaung', '0860347512', 'Jl. Raya Sultan Agung No. 86, Sumbersari, Jember', '', 2358),
(459, 'R.M. Timbul Mardhiyah, S.IP', '0865545503', 'Jl. Gatot Subroto Gg. 18 RT/RW 03/02, Patrang, Jember', '', 2359),
(460, 'Dt. Emas Usada', '0869926605', 'Jl. Ahmad Yani Perumahan 51 Blok 22, Sumbersari, Jember', '', 2360),
(461, 'Dr. Adinata Rajasa, M.M.', '0839001270', 'Jl. Raya Sultan Agung No. 65, Sumbersari, Jember', '', 2361),
(462, 'Ami Nugroho', '0813891752', 'Jl. Ahmad Yani Perumahan 69 Blok 34, Sumbersari, Jember', '', 2362),
(463, 'dr. Hartaka Waluyo, S.Psi', '0865155495', 'Jl. Gatot Subroto Gg. 76 RT/RW 03/02, Patrang, Jember', '', 2363),
(464, 'Dr. Victoria Novitasari', '0894398966', 'Perumahan Bumi Tegal Besar Blok 63 No. 32, Tegal Besar, Jember', '', 2364),
(465, 'dr. Rina Maryadi', '0866696259', 'Jl. Gatot Subroto Gg. 71 RT/RW 03/02, Patrang, Jember', '', 2365),
(466, 'T. Ridwan Hidayat', '0845791502', 'Jl. PB Sudirman Kompleks 57 No. 44, Kaliwates, Jember', '', 2366),
(467, 'Nurul Widiastuti', '0838129888', 'Jl. PB Sudirman Kompleks 91 No. 19, Kaliwates, Jember', '', 2367),
(468, 'Unjani Santoso', '0826152838', 'Jl. Ahmad Yani Perumahan 74 Blok 43, Sumbersari, Jember', '', 2368),
(469, 'Jabal Andriani', '0852698274', 'Jl. Gatot Subroto Gg. 94 RT/RW 03/02, Patrang, Jember', '', 2369),
(470, 'Hj. Kezia Ramadan', '0826149979', 'Jl. PB Sudirman Kompleks 86 No. 30, Kaliwates, Jember', '', 2370),
(471, 'Tgk. Paramita Andriani', '0890923275', 'Jl. Raya Sultan Agung No. 29, Sumbersari, Jember', '', 2371),
(472, 'Raina Mahendra', '0890238888', 'Jl. Raya Sultan Agung No. 70, Sumbersari, Jember', '', 2372),
(473, 'Cager Laksmiwati, S.Psi', '0874631987', 'Jl. Raya Sultan Agung No. 51, Sumbersari, Jember', '', 2373),
(474, 'R. Yahya Utama, S.H.', '0870364589', 'Jl. Raya Sultan Agung No. 42, Sumbersari, Jember', '', 2374),
(475, 'Tedi Fujiati', '0873039521', 'Jl. Raya Sultan Agung No. 82, Sumbersari, Jember', '', 2375),
(476, 'Irsad Pudjiastuti', '0874385980', 'Jl. Ahmad Yani Perumahan 30 Blok 28, Sumbersari, Jember', '', 2376),
(477, 'Adhiarja Siregar', '0881238155', 'Jl. Gatot Subroto Gg. 23 RT/RW 03/02, Patrang, Jember', '', 2377),
(478, 'Maryadi Andriani, M.TI.', '0842643232', 'Jl. Ahmad Yani Perumahan 51 Blok 47, Sumbersari, Jember', '', 2378),
(479, 'Cut Wulan Prayoga, S.E.I', '0811118603', 'Jl. Gatot Subroto Gg. 8 RT/RW 03/02, Patrang, Jember', '', 2379),
(480, 'Drs. Sabar Mandala, S.Pt', '0889029404', 'Jl. PB Sudirman Kompleks 48 No. 4, Kaliwates, Jember', '', 2380),
(481, 'Olivia Winarsih, S.Pd', '0867469453', 'Jl. PB Sudirman Kompleks 13 No. 12, Kaliwates, Jember', '', 2381),
(482, 'Drs. Eva Astuti, S.E.', '0868714729', 'Jl. Raya Sultan Agung No. 10, Sumbersari, Jember', '', 2382),
(483, 'Sadina Permadi', '0884015695', 'Perumahan Bumi Tegal Besar Blok 62 No. 4, Tegal Besar, Jember', '', 2383),
(484, 'Ir. Cemeti Nashiruddin, M.Ak', '0892293192', 'Jl. PB Sudirman Kompleks 28 No. 9, Kaliwates, Jember', '', 2384),
(485, 'Rahmi Sitompul', '0828881625', 'Jl. Raya Sultan Agung No. 10, Sumbersari, Jember', '', 2385),
(486, 'Restu Wastuti', '0877974384', 'Jl. Ahmad Yani Perumahan 4 Blok 22, Sumbersari, Jember', '', 2386),
(487, 'Zelaya Wijaya', '0833049478', 'Jl. Ahmad Yani Perumahan 32 Blok 22, Sumbersari, Jember', '', 2387),
(488, 'Nadia Sitompul', '0856269022', 'Perumahan Bumi Tegal Besar Blok 70 No. 26, Tegal Besar, Jember', '', 2388),
(489, 'Drs. Pranata Laksita, S.I.Kom', '0840046031', 'Jl. Ahmad Yani Perumahan 14 Blok 15, Sumbersari, Jember', '', 2389),
(490, 'Ratih Wulandari', '0863936906', 'Jl. PB Sudirman Kompleks 33 No. 1, Kaliwates, Jember', '', 2390),
(491, 'Purwa Nasyiah', '0811958901', 'Jl. PB Sudirman Kompleks 25 No. 43, Kaliwates, Jember', '', 2391),
(492, 'Gamblang Siregar', '0887705436', 'Jl. Ahmad Yani Perumahan 17 Blok 43, Sumbersari, Jember', '', 2392),
(493, 'Bagus Sinaga', '0869681509', 'Jl. PB Sudirman Kompleks 97 No. 43, Kaliwates, Jember', '', 2393),
(494, 'Puti Anita Laksmiwati, S.Pt', '0896316496', 'Jl. Ahmad Yani Perumahan 78 Blok 23, Sumbersari, Jember', '', 2394),
(495, 'Hani Nainggolan', '0825972056', 'Jl. Ahmad Yani Perumahan 84 Blok 42, Sumbersari, Jember', '', 2395),
(496, 'Farhunnisa Farida', '0829427142', 'Perumahan Bumi Tegal Besar Blok 15 No. 32, Tegal Besar, Jember', '', 2396),
(497, 'Farhunnisa Pranowo', '0814681637', 'Jl. Raya Sultan Agung No. 78, Sumbersari, Jember', '', 2397),
(498, 'Gantar Ardianto', '0821884207', 'Jl. Ahmad Yani Perumahan 98 Blok 22, Sumbersari, Jember', '', 2398),
(499, 'R. Ade Prasetyo, M.M.', '0859885587', 'Jl. Gatot Subroto Gg. 54 RT/RW 03/02, Patrang, Jember', '', 2399),
(500, 'Hj. Suci Damanik, S.Farm', '0868428792', 'Jl. PB Sudirman Kompleks 82 No. 29, Kaliwates, Jember', '', 2400),
(501, 'Janet Hariyah', '0880608269', 'Jl. Raya Sultan Agung No. 83, Sumbersari, Jember', '', 2401),
(502, 'drg. Kardi Utama, M.M.', '0839613605', 'Jl. Ahmad Yani Perumahan 19 Blok 30, Sumbersari, Jember', '', 2402),
(503, 'Lanjar Mandasari', '0827736997', 'Perumahan Bumi Tegal Besar Blok 22 No. 36, Tegal Besar, Jember', '', 2403),
(504, 'Yulia Safitri', '0879667649', 'Jl. Ahmad Yani Perumahan 89 Blok 27, Sumbersari, Jember', '', 2404),
(505, 'Kemba Zulkarnain', '0815749003', 'Perumahan Bumi Tegal Besar Blok 12 No. 32, Tegal Besar, Jember', '', 2405),
(506, 'Yance Pangestu', '0893597642', 'Jl. Raya Sultan Agung No. 18, Sumbersari, Jember', '', 2406),
(507, 'Sutan Niyaga Pertiwi, M.Pd', '0857956735', 'Jl. Gatot Subroto Gg. 17 RT/RW 03/02, Patrang, Jember', '', 2407),
(508, 'Kiandra Puspasari', '0886325772', 'Jl. Raya Sultan Agung No. 87, Sumbersari, Jember', '', 2408),
(509, 'Nugraha Kusmawati', '0819533972', 'Perumahan Bumi Tegal Besar Blok 46 No. 28, Tegal Besar, Jember', '', 2409),
(510, 'Tgk. Ade Farida', '0878557334', 'Jl. Ahmad Yani Perumahan 24 Blok 25, Sumbersari, Jember', '', 2410),
(511, 'Latika Maryati', '0876739981', 'Jl. Ahmad Yani Perumahan 17 Blok 34, Sumbersari, Jember', '', 2411),
(512, 'Diana Rajata', '0872857454', 'Jl. Gatot Subroto Gg. 78 RT/RW 03/02, Patrang, Jember', '', 2412),
(513, 'Sutan Carub Rajata', '0877837998', 'Jl. Raya Sultan Agung No. 64, Sumbersari, Jember', '', 2413),
(514, 'Mumpuni Nasyiah, S.T.', '0882193930', 'Jl. PB Sudirman Kompleks 55 No. 1, Kaliwates, Jember', '', 2414),
(515, 'Oni Suartini', '0869937343', 'Perumahan Bumi Tegal Besar Blok 31 No. 14, Tegal Besar, Jember', '', 2415),
(516, 'Shania Lestari', '0896258163', 'Jl. PB Sudirman Kompleks 74 No. 37, Kaliwates, Jember', '', 2416),
(517, 'Melinda Usada', '0855867396', 'Perumahan Bumi Tegal Besar Blok 5 No. 35, Tegal Besar, Jember', '', 2417),
(518, 'drg. Diana Usamah', '0868954917', 'Jl. Ahmad Yani Perumahan 51 Blok 32, Sumbersari, Jember', '', 2418),
(519, 'Cayadi Wasita, S.E.', '0869792020', 'Jl. PB Sudirman Kompleks 26 No. 14, Kaliwates, Jember', '', 2419),
(520, 'Michelle Gunawan', '0899188766', 'Perumahan Bumi Tegal Besar Blok 14 No. 37, Tegal Besar, Jember', '', 2420),
(521, 'Cindy Lestari, M.Farm', '0853467015', 'Jl. Raya Sultan Agung No. 53, Sumbersari, Jember', '', 2421),
(522, 'H. Jumadi Sirait, S.Sos', '0896182777', 'Jl. PB Sudirman Kompleks 45 No. 18, Kaliwates, Jember', '', 2422),
(523, 'Citra Padmasari', '0864133343', 'Perumahan Bumi Tegal Besar Blok 2 No. 36, Tegal Besar, Jember', '', 2423),
(524, 'Tgk. Fitriani Novitasari, S.Ked', '0843565994', 'Jl. Raya Sultan Agung No. 48, Sumbersari, Jember', '', 2424),
(525, 'Tgk. Karimah Laksmiwati, S.Kom', '0866044981', 'Jl. Raya Sultan Agung No. 100, Sumbersari, Jember', '', 2425),
(526, 'Estiono Kusmawati', '0878777414', 'Jl. PB Sudirman Kompleks 82 No. 34, Kaliwates, Jember', '', 2426),
(527, 'Alika Jailani, M.Farm', '0893218324', 'Jl. Ahmad Yani Perumahan 49 Blok 29, Sumbersari, Jember', '', 2427),
(528, 'Jail Suwarno', '0853273531', 'Jl. Gatot Subroto Gg. 89 RT/RW 03/02, Patrang, Jember', '', 2428),
(529, 'Praba Simbolon', '0878385272', 'Jl. Gatot Subroto Gg. 43 RT/RW 03/02, Patrang, Jember', '', 2429),
(530, 'Raisa Maulana', '0855093200', 'Jl. Ahmad Yani Perumahan 15 Blok 27, Sumbersari, Jember', '', 2430),
(531, 'Mitra Nasyiah', '0839488316', 'Jl. Ahmad Yani Perumahan 99 Blok 33, Sumbersari, Jember', '', 2431),
(532, 'Praba Prakasa, S.Pt', '0862623266', 'Jl. Gatot Subroto Gg. 64 RT/RW 03/02, Patrang, Jember', '', 2432),
(533, 'Karen Maheswara', '0822543616', 'Perumahan Bumi Tegal Besar Blok 79 No. 30, Tegal Besar, Jember', '', 2433),
(534, 'R.A. Hafshah Manullang', '0893877603', 'Perumahan Bumi Tegal Besar Blok 61 No. 40, Tegal Besar, Jember', '', 2434),
(535, 'Dr. Halima Hakim', '0892588689', 'Jl. Ahmad Yani Perumahan 54 Blok 19, Sumbersari, Jember', '', 2435),
(536, 'Oni Hastuti, S.Sos', '0867275316', 'Jl. Ahmad Yani Perumahan 20 Blok 1, Sumbersari, Jember', '', 2436),
(537, 'Tgk. Rahayu Manullang, S.Psi', '0863524634', 'Jl. Gatot Subroto Gg. 96 RT/RW 03/02, Patrang, Jember', '', 2437),
(538, 'Tari Prabowo, M.Kom.', '0827113448', 'Perumahan Bumi Tegal Besar Blok 90 No. 39, Tegal Besar, Jember', '', 2438),
(539, 'Dr. Bahuraksa Hasanah', '0879803561', 'Perumahan Bumi Tegal Besar Blok 5 No. 1, Tegal Besar, Jember', '', 2439),
(540, 'Cahyono Dongoran, M.Kom.', '0814264263', 'Jl. Ahmad Yani Perumahan 86 Blok 45, Sumbersari, Jember', '', 2440),
(541, 'Diana Sinaga', '0864617632', 'Jl. Gatot Subroto Gg. 60 RT/RW 03/02, Patrang, Jember', '', 2441),
(542, 'Gawati Maryadi', '0888246269', 'Jl. Raya Sultan Agung No. 74, Sumbersari, Jember', '', 2442),
(543, 'Yahya Anggriawan', '0847005202', 'Jl. Ahmad Yani Perumahan 21 Blok 6, Sumbersari, Jember', '', 2443),
(544, 'Cut Kani Utami', '0813089794', 'Jl. PB Sudirman Kompleks 20 No. 41, Kaliwates, Jember', '', 2444),
(545, 'Salwa Situmorang', '0863925133', 'Jl. Raya Sultan Agung No. 33, Sumbersari, Jember', '', 2445),
(546, 'Paiman Mayasari', '0892248356', 'Jl. PB Sudirman Kompleks 31 No. 38, Kaliwates, Jember', '', 2446),
(547, 'Eva Fujiati, M.Kom.', '0895534007', 'Jl. PB Sudirman Kompleks 49 No. 21, Kaliwates, Jember', '', 2447),
(548, 'Kacung Siregar', '0840942372', 'Jl. Ahmad Yani Perumahan 2 Blok 36, Sumbersari, Jember', '', 2448),
(549, 'Paramita Samosir', '0899328546', 'Jl. PB Sudirman Kompleks 52 No. 31, Kaliwates, Jember', '', 2449),
(550, 'Wira Purwanti', '0860017680', 'Jl. PB Sudirman Kompleks 91 No. 30, Kaliwates, Jember', '', 2450),
(551, 'R.M. Eman Simbolon, M.M.', '0877408711', 'Jl. Gatot Subroto Gg. 26 RT/RW 03/02, Patrang, Jember', '', 2451),
(552, 'Nasrullah Damanik, S.Sos', '0829458712', 'Jl. Ahmad Yani Perumahan 21 Blok 16, Sumbersari, Jember', '', 2452),
(553, 'Hesti Winarno', '0834543884', 'Jl. PB Sudirman Kompleks 32 No. 46, Kaliwates, Jember', '', 2453),
(554, 'Dt. Surya Halim, S.IP', '0886833110', 'Jl. Gatot Subroto Gg. 91 RT/RW 03/02, Patrang, Jember', '', 2454),
(555, 'Cut Talia Yulianti', '0849153294', 'Perumahan Bumi Tegal Besar Blok 17 No. 30, Tegal Besar, Jember', '', 2455),
(556, 'Dt. Jaga Yulianti, M.TI.', '0888597455', 'Jl. Ahmad Yani Perumahan 75 Blok 36, Sumbersari, Jember', '', 2456),
(557, 'Vanya Pertiwi, M.Farm', '0818529052', 'Perumahan Bumi Tegal Besar Blok 84 No. 25, Tegal Besar, Jember', '', 2457),
(558, 'Lega Yolanda', '0812945669', 'Jl. Raya Sultan Agung No. 77, Sumbersari, Jember', '', 2458),
(559, 'Uchita Lailasari', '0863511210', 'Perumahan Bumi Tegal Besar Blok 48 No. 19, Tegal Besar, Jember', '', 2459);
INSERT INTO `customer` (`Customer_ID`, `Nama`, `No_Hp`, `Alamat`, `keterangan`, `ID_Pesanan`) VALUES
(560, 'Karsa Kurniawan', '0898489054', 'Jl. Ahmad Yani Perumahan 79 Blok 37, Sumbersari, Jember', '', 2460),
(561, 'Rahayu Narpati', '0838671427', 'Jl. Raya Sultan Agung No. 57, Sumbersari, Jember', '', 2461),
(562, 'R.M. Wage Dongoran', '0872622819', 'Perumahan Bumi Tegal Besar Blok 95 No. 48, Tegal Besar, Jember', '', 2462),
(563, 'H. Ajimin Usamah, S.Farm', '0825205802', 'Jl. PB Sudirman Kompleks 43 No. 24, Kaliwates, Jember', '', 2463),
(564, 'Cagak Dongoran, S.Ked', '0880973873', 'Perumahan Bumi Tegal Besar Blok 83 No. 29, Tegal Besar, Jember', '', 2464),
(565, 'Hari Mandasari', '0840378171', 'Jl. Ahmad Yani Perumahan 29 Blok 34, Sumbersari, Jember', '', 2465),
(566, 'Ajimat Nurdiyanti', '0813527595', 'Perumahan Bumi Tegal Besar Blok 25 No. 39, Tegal Besar, Jember', '', 2466),
(567, 'Yance Kusumo', '0840874393', 'Perumahan Bumi Tegal Besar Blok 51 No. 17, Tegal Besar, Jember', '', 2467),
(568, 'Intan Hutagalung, S.I.Kom', '0855149333', 'Jl. Raya Sultan Agung No. 76, Sumbersari, Jember', '', 2468),
(569, 'Nilam Oktaviani', '0883403031', 'Jl. Ahmad Yani Perumahan 41 Blok 13, Sumbersari, Jember', '', 2469),
(570, 'Respati Marpaung', '0892451881', 'Perumahan Bumi Tegal Besar Blok 59 No. 12, Tegal Besar, Jember', '', 2470),
(571, 'Daliono Lestari', '0884646219', 'Jl. PB Sudirman Kompleks 47 No. 19, Kaliwates, Jember', '', 2471),
(572, 'Elisa Lailasari, S.Gz', '0855511523', 'Jl. Raya Sultan Agung No. 40, Sumbersari, Jember', '', 2472),
(573, 'Hendri Suryatmi', '0824694892', 'Jl. Ahmad Yani Perumahan 35 Blok 9, Sumbersari, Jember', '', 2473),
(574, 'Cornelia Nurdiyanti', '0892038644', 'Jl. Raya Sultan Agung No. 78, Sumbersari, Jember', '', 2474),
(575, 'Winda Wasita', '0816732802', 'Jl. Gatot Subroto Gg. 63 RT/RW 03/02, Patrang, Jember', '', 2475),
(576, 'Kayla Saefullah', '0843305623', 'Jl. Ahmad Yani Perumahan 70 Blok 4, Sumbersari, Jember', '', 2476),
(577, 'Jane Utama', '0867825605', 'Perumahan Bumi Tegal Besar Blok 53 No. 35, Tegal Besar, Jember', '', 2477),
(578, 'Cut Victoria Wijayanti', '0896637559', 'Jl. Raya Sultan Agung No. 17, Sumbersari, Jember', '', 2478),
(579, 'Dewi Hasanah', '0870958996', 'Jl. Raya Sultan Agung No. 93, Sumbersari, Jember', '', 2479),
(580, 'Dt. Luluh Ardianto, S.Sos', '0854965348', 'Perumahan Bumi Tegal Besar Blok 89 No. 23, Tegal Besar, Jember', '', 2480),
(581, 'Drs. Vero Wastuti, S.Kom', '0823613242', 'Perumahan Bumi Tegal Besar Blok 10 No. 11, Tegal Besar, Jember', '', 2481),
(582, 'dr. Puspa Mandala, M.Pd', '0847808792', 'Perumahan Bumi Tegal Besar Blok 80 No. 7, Tegal Besar, Jember', '', 2482),
(583, 'Zaenab Wasita', '0876321532', 'Jl. Raya Sultan Agung No. 79, Sumbersari, Jember', '', 2483),
(584, 'Ulya Uyainah', '0864651303', 'Jl. Ahmad Yani Perumahan 91 Blok 18, Sumbersari, Jember', '', 2484),
(585, 'Restu Wibisono', '0898089931', 'Jl. PB Sudirman Kompleks 44 No. 38, Kaliwates, Jember', '', 2485),
(586, 'Atma Januar', '0891596321', 'Perumahan Bumi Tegal Besar Blok 75 No. 13, Tegal Besar, Jember', '', 2486),
(587, 'Ciaobella Latupono', '0822225298', 'Jl. Gatot Subroto Gg. 80 RT/RW 03/02, Patrang, Jember', '', 2487),
(588, 'drg. Pia Hardiansyah, S.T.', '0816943070', 'Jl. PB Sudirman Kompleks 3 No. 25, Kaliwates, Jember', '', 2488),
(589, 'Farhunnisa Prasasta', '0821109158', 'Perumahan Bumi Tegal Besar Blok 1 No. 17, Tegal Besar, Jember', '', 2489),
(590, 'Tgk. Azalea Samosir, S.Kom', '0851937702', 'Jl. Gatot Subroto Gg. 44 RT/RW 03/02, Patrang, Jember', '', 2490),
(591, 'Michelle Maulana', '0831959190', 'Jl. Ahmad Yani Perumahan 28 Blok 33, Sumbersari, Jember', '', 2491),
(592, 'T. Enteng Kurniawan, S.I.Kom', '0848375462', 'Jl. Gatot Subroto Gg. 38 RT/RW 03/02, Patrang, Jember', '', 2492),
(593, 'Cemeti Astuti', '0851474870', 'Jl. Ahmad Yani Perumahan 62 Blok 33, Sumbersari, Jember', '', 2493),
(594, 'R.A. Ira Ramadan', '0885439701', 'Perumahan Bumi Tegal Besar Blok 30 No. 18, Tegal Besar, Jember', '', 2494),
(595, 'Bakiman Setiawan, S.E.', '0840836794', 'Jl. Raya Sultan Agung No. 79, Sumbersari, Jember', '', 2495),
(596, 'KH. Estiawan Yuliarti, S.Pd', '0880916605', 'Jl. Gatot Subroto Gg. 93 RT/RW 03/02, Patrang, Jember', '', 2496),
(597, 'Cemplunk Putra', '0891089895', 'Jl. Ahmad Yani Perumahan 17 Blok 41, Sumbersari, Jember', '', 2497),
(598, 'Lili Wahyudin', '0877188668', 'Perumahan Bumi Tegal Besar Blok 85 No. 36, Tegal Besar, Jember', '', 2498),
(599, 'Edi Astuti', '0881606243', 'Jl. Gatot Subroto Gg. 12 RT/RW 03/02, Patrang, Jember', '', 2499),
(600, 'R. Kayla Prastuti, M.M.', '0832111148', 'Jl. Ahmad Yani Perumahan 87 Blok 4, Sumbersari, Jember', '', 2500),
(601, 'Yessi Sitompul', '0872594223', 'Jl. Gatot Subroto Gg. 53 RT/RW 03/02, Patrang, Jember', '', 2501),
(602, 'Bancar Utami', '0857714788', 'Jl. PB Sudirman Kompleks 84 No. 2, Kaliwates, Jember', '', 2502),
(603, 'Jasmin Maheswara', '0836634669', 'Jl. Raya Sultan Agung No. 28, Sumbersari, Jember', '', 2503),
(604, 'Drs. Koko Siregar, S.IP', '0899855893', 'Jl. Raya Sultan Agung No. 40, Sumbersari, Jember', '', 2504),
(605, 'Violet Manullang', '0860932941', 'Jl. Gatot Subroto Gg. 75 RT/RW 03/02, Patrang, Jember', '', 2505),
(606, 'Sabri Uyainah', '0877247914', 'Jl. Raya Sultan Agung No. 39, Sumbersari, Jember', '', 2506),
(607, 'Drs. Ana Manullang', '0839672433', 'Jl. PB Sudirman Kompleks 61 No. 12, Kaliwates, Jember', '', 2507),
(608, 'Paris Marbun', '0828245573', 'Jl. Gatot Subroto Gg. 78 RT/RW 03/02, Patrang, Jember', '', 2508),
(609, 'Galur Mansur, S.H.', '0815594784', 'Jl. Ahmad Yani Perumahan 71 Blok 1, Sumbersari, Jember', '', 2509),
(610, 'T. Jasmani Pranowo, M.Pd', '0897746303', 'Jl. PB Sudirman Kompleks 47 No. 15, Kaliwates, Jember', '', 2510),
(611, 'Janet Yolanda', '0895248164', 'Jl. PB Sudirman Kompleks 98 No. 24, Kaliwates, Jember', '', 2511),
(612, 'Irfan Mansur', '0889474086', 'Jl. Gatot Subroto Gg. 57 RT/RW 03/02, Patrang, Jember', '', 2512),
(613, 'Gasti Agustina, M.Ak', '0863979286', 'Jl. Gatot Subroto Gg. 88 RT/RW 03/02, Patrang, Jember', '', 2513),
(614, 'Ina Saefullah', '0893398582', 'Jl. Raya Sultan Agung No. 23, Sumbersari, Jember', '', 2514),
(615, 'Intan Mulyani', '0856106743', 'Jl. Gatot Subroto Gg. 1 RT/RW 03/02, Patrang, Jember', '', 2515),
(616, 'Ami Mangunsong', '0873691733', 'Jl. Ahmad Yani Perumahan 40 Blok 41, Sumbersari, Jember', '', 2516),
(617, 'Dagel Oktaviani', '0871512127', 'Jl. Gatot Subroto Gg. 19 RT/RW 03/02, Patrang, Jember', '', 2517),
(618, 'dr. Bella Putra', '0868243043', 'Jl. PB Sudirman Kompleks 34 No. 27, Kaliwates, Jember', '', 2518),
(619, 'KH. Chandra Pranowo', '0871741703', 'Perumahan Bumi Tegal Besar Blok 70 No. 38, Tegal Besar, Jember', '', 2519),
(620, 'Irwan Sinaga', '0862891344', 'Jl. Raya Sultan Agung No. 15, Sumbersari, Jember', '', 2520),
(621, 'R.M. Prayoga Safitri', '0842686695', 'Jl. Raya Sultan Agung No. 33, Sumbersari, Jember', '', 2521),
(622, 'Bakianto Saefullah', '0877774700', 'Jl. PB Sudirman Kompleks 9 No. 41, Kaliwates, Jember', '', 2522),
(623, 'Paiman Uyainah, S.Kom', '0818915556', 'Jl. Gatot Subroto Gg. 32 RT/RW 03/02, Patrang, Jember', '', 2523),
(624, 'Drs. Yani Saptono', '0827484859', 'Jl. PB Sudirman Kompleks 81 No. 9, Kaliwates, Jember', '', 2524),
(625, 'Zamira Wastuti', '0841928276', 'Jl. PB Sudirman Kompleks 57 No. 5, Kaliwates, Jember', '', 2525),
(626, 'Septi Palastri, M.Ak', '0863757055', 'Jl. Gatot Subroto Gg. 71 RT/RW 03/02, Patrang, Jember', '', 2526),
(627, 'Sari Astuti, M.M.', '0879854798', 'Jl. Gatot Subroto Gg. 14 RT/RW 03/02, Patrang, Jember', '', 2527),
(628, 'Amalia Nainggolan', '0871988948', 'Jl. PB Sudirman Kompleks 89 No. 2, Kaliwates, Jember', '', 2528),
(629, 'Dr. Vino Wasita', '0823028486', 'Perumahan Bumi Tegal Besar Blok 33 No. 18, Tegal Besar, Jember', '', 2529),
(630, 'Cindy Padmasari, S.Farm', '0814928848', 'Jl. Ahmad Yani Perumahan 47 Blok 6, Sumbersari, Jember', '', 2530),
(631, 'Gawati Widiastuti', '0828906294', 'Jl. Ahmad Yani Perumahan 14 Blok 39, Sumbersari, Jember', '', 2531),
(632, 'T. Rosman Permata', '0847631360', 'Jl. Gatot Subroto Gg. 75 RT/RW 03/02, Patrang, Jember', '', 2532),
(633, 'Paramita Puspita', '0833204854', 'Perumahan Bumi Tegal Besar Blok 31 No. 48, Tegal Besar, Jember', '', 2533),
(634, 'Pangestu Sudiati, S.H.', '0858605104', 'Jl. PB Sudirman Kompleks 74 No. 33, Kaliwates, Jember', '', 2534),
(635, 'Kamila Palastri', '0819743176', 'Jl. PB Sudirman Kompleks 51 No. 32, Kaliwates, Jember', '', 2535),
(636, 'Drs. Alambana Laksmiwati', '0819914810', 'Jl. PB Sudirman Kompleks 7 No. 41, Kaliwates, Jember', '', 2536),
(637, 'Ajiman Sitompul', '0841805465', 'Jl. Raya Sultan Agung No. 79, Sumbersari, Jember', '', 2537),
(638, 'Ir. Balamantri Nababan, M.M.', '0869177650', 'Jl. Gatot Subroto Gg. 97 RT/RW 03/02, Patrang, Jember', '', 2538),
(639, 'Tgk. Cawisono Prakasa, S.H.', '0837362334', 'Jl. Gatot Subroto Gg. 35 RT/RW 03/02, Patrang, Jember', '', 2539),
(640, 'Winda Gunawan', '0843486743', 'Jl. Gatot Subroto Gg. 79 RT/RW 03/02, Patrang, Jember', '', 2540),
(641, 'Asmuni Kusmawati', '0897897617', 'Jl. Ahmad Yani Perumahan 91 Blok 13, Sumbersari, Jember', '', 2541),
(642, 'Usyi Pudjiastuti', '0898726376', 'Perumahan Bumi Tegal Besar Blok 30 No. 5, Tegal Besar, Jember', '', 2542),
(643, 'Tina Melani', '0834806159', 'Jl. Gatot Subroto Gg. 72 RT/RW 03/02, Patrang, Jember', '', 2543),
(644, 'Paramita Handayani', '0887621299', 'Jl. PB Sudirman Kompleks 40 No. 35, Kaliwates, Jember', '', 2544),
(645, 'Tgk. Balijan Mayasari, S.Psi', '0879513852', 'Jl. Ahmad Yani Perumahan 72 Blok 45, Sumbersari, Jember', '', 2545),
(646, 'Eva Prastuti', '0899076219', 'Jl. Gatot Subroto Gg. 30 RT/RW 03/02, Patrang, Jember', '', 2546),
(647, 'Malika Hutapea', '0832188917', 'Jl. PB Sudirman Kompleks 25 No. 34, Kaliwates, Jember', '', 2547),
(648, 'Vivi Usada', '0882435060', 'Jl. Raya Sultan Agung No. 93, Sumbersari, Jember', '', 2548),
(649, 'Tgk. Clara Suryono', '0867848119', 'Jl. Raya Sultan Agung No. 81, Sumbersari, Jember', '', 2549),
(650, 'Rahayu Santoso', '0879753239', 'Jl. Ahmad Yani Perumahan 46 Blok 15, Sumbersari, Jember', '', 2550),
(651, 'R.A. Ani Situmorang, M.Ak', '0868722648', 'Jl. Raya Sultan Agung No. 88, Sumbersari, Jember', '', 2551),
(652, 'Fitriani Nuraini', '0871473820', 'Jl. Ahmad Yani Perumahan 54 Blok 16, Sumbersari, Jember', '', 2552),
(653, 'Maimunah Mardhiyah, M.Farm', '0885544928', 'Jl. Gatot Subroto Gg. 10 RT/RW 03/02, Patrang, Jember', '', 2553),
(654, 'Balamantri Marbun', '0832735656', 'Jl. Gatot Subroto Gg. 9 RT/RW 03/02, Patrang, Jember', '', 2554),
(655, 'Kasim Jailani', '0873525051', 'Jl. Raya Sultan Agung No. 46, Sumbersari, Jember', '', 2555),
(656, 'Drs. Vicky Maheswara', '0831121832', 'Jl. Raya Sultan Agung No. 50, Sumbersari, Jember', '', 2556),
(657, 'Septi Pangestu', '0852977964', 'Perumahan Bumi Tegal Besar Blok 77 No. 45, Tegal Besar, Jember', '', 2557),
(658, 'Kalim Iswahyudi', '0887756228', 'Jl. Gatot Subroto Gg. 11 RT/RW 03/02, Patrang, Jember', '', 2558),
(659, 'dr. Keisha Mustofa, M.Pd', '0891251449', 'Perumahan Bumi Tegal Besar Blok 28 No. 27, Tegal Besar, Jember', '', 2559),
(660, 'Kawaya Nuraini', '0863978714', 'Jl. Gatot Subroto Gg. 18 RT/RW 03/02, Patrang, Jember', '', 2560),
(661, 'Harjasa Kusumo', '0822165315', 'Jl. Ahmad Yani Perumahan 77 Blok 42, Sumbersari, Jember', '', 2561),
(662, 'Puti Karen Waskita', '0829197639', 'Jl. Raya Sultan Agung No. 40, Sumbersari, Jember', '', 2562),
(663, 'Elma Lailasari', '0876958039', 'Jl. Raya Sultan Agung No. 91, Sumbersari, Jember', '', 2563),
(664, 'Tgk. Teddy Laksmiwati', '0836568677', 'Jl. PB Sudirman Kompleks 16 No. 31, Kaliwates, Jember', '', 2564),
(665, 'Dalima Halimah, S.Pt', '0893859700', 'Perumahan Bumi Tegal Besar Blok 1 No. 34, Tegal Besar, Jember', '', 2565),
(666, 'T. Vino Safitri, M.Pd', '0878619099', 'Jl. PB Sudirman Kompleks 2 No. 21, Kaliwates, Jember', '', 2566),
(667, 'Nadia Prasetyo', '0865125451', 'Perumahan Bumi Tegal Besar Blok 35 No. 5, Tegal Besar, Jember', '', 2567),
(668, 'Yuni Rajata', '0894597650', 'Jl. Ahmad Yani Perumahan 57 Blok 38, Sumbersari, Jember', '', 2568),
(669, 'Luhung Winarsih', '0865993265', 'Jl. Raya Sultan Agung No. 1, Sumbersari, Jember', '', 2569),
(670, 'Hj. Ana Hutagalung', '0853751424', 'Jl. Gatot Subroto Gg. 26 RT/RW 03/02, Patrang, Jember', '', 2570),
(671, 'Septi Uwais', '0840081967', 'Jl. PB Sudirman Kompleks 24 No. 36, Kaliwates, Jember', '', 2571),
(672, 'drg. Kemba Dabukke', '0830063644', 'Jl. PB Sudirman Kompleks 52 No. 12, Kaliwates, Jember', '', 2572),
(673, 'R.A. Ellis Lazuardi, S.IP', '0857567298', 'Jl. Gatot Subroto Gg. 17 RT/RW 03/02, Patrang, Jember', '', 2573),
(674, 'Ir. Among Purnawati, S.IP', '0852066587', 'Perumahan Bumi Tegal Besar Blok 50 No. 26, Tegal Besar, Jember', '', 2574),
(675, 'R. Farhunnisa Nainggolan', '0864128237', 'Jl. Ahmad Yani Perumahan 57 Blok 49, Sumbersari, Jember', '', 2575),
(676, 'Wahyu Hastuti', '0843285976', 'Jl. Ahmad Yani Perumahan 25 Blok 16, Sumbersari, Jember', '', 2576),
(677, 'Vanya Hakim', '0884099869', 'Jl. PB Sudirman Kompleks 57 No. 5, Kaliwates, Jember', '', 2577),
(678, 'dr. Najib Habibi', '0862362825', 'Jl. Gatot Subroto Gg. 34 RT/RW 03/02, Patrang, Jember', '', 2578),
(679, 'Lili Sihombing', '0812708957', 'Jl. Raya Sultan Agung No. 4, Sumbersari, Jember', '', 2579),
(680, 'R. Okta Rahmawati', '0820596532', 'Jl. Gatot Subroto Gg. 62 RT/RW 03/02, Patrang, Jember', '', 2580),
(681, 'dr. Kani Wijayanti, S.H.', '0868653397', 'Jl. Ahmad Yani Perumahan 89 Blok 44, Sumbersari, Jember', '', 2581),
(682, 'Drs. Halim Mansur, S.H.', '0864211726', 'Jl. Raya Sultan Agung No. 1, Sumbersari, Jember', '', 2582),
(683, 'H. Pranawa Riyanti', '0855195791', 'Jl. Ahmad Yani Perumahan 45 Blok 42, Sumbersari, Jember', '', 2583),
(684, 'Koko Namaga', '0856949903', 'Jl. PB Sudirman Kompleks 51 No. 23, Kaliwates, Jember', '', 2584),
(685, 'Mahmud Widiastuti', '0873679546', 'Jl. PB Sudirman Kompleks 88 No. 38, Kaliwates, Jember', '', 2585),
(686, 'Chandra Widiastuti', '0812735431', 'Jl. Raya Sultan Agung No. 18, Sumbersari, Jember', '', 2586),
(687, 'Opan Situmorang', '0894659265', 'Jl. Gatot Subroto Gg. 46 RT/RW 03/02, Patrang, Jember', '', 2587),
(688, 'Ajeng Suwarno', '0827403240', 'Jl. Ahmad Yani Perumahan 88 Blok 12, Sumbersari, Jember', '', 2588),
(689, 'Warji Prasasta, S.Farm', '0867764731', 'Jl. PB Sudirman Kompleks 61 No. 23, Kaliwates, Jember', '', 2589),
(690, 'Hardi Hutapea', '0887722697', 'Jl. Gatot Subroto Gg. 54 RT/RW 03/02, Patrang, Jember', '', 2590),
(691, 'Wardi Usada', '0852917056', 'Perumahan Bumi Tegal Besar Blok 84 No. 26, Tegal Besar, Jember', '', 2591),
(692, 'Imam Palastri', '0889504740', 'Jl. PB Sudirman Kompleks 31 No. 46, Kaliwates, Jember', '', 2592),
(693, 'Rangga Rajasa', '0839516855', 'Jl. Gatot Subroto Gg. 19 RT/RW 03/02, Patrang, Jember', '', 2593),
(694, 'Victoria Zulaika', '0831037408', 'Jl. Gatot Subroto Gg. 48 RT/RW 03/02, Patrang, Jember', '', 2594),
(695, 'Gambira Santoso, M.Kom.', '0865436445', 'Jl. Gatot Subroto Gg. 28 RT/RW 03/02, Patrang, Jember', '', 2595),
(696, 'Citra Marpaung', '0855012702', 'Perumahan Bumi Tegal Besar Blok 49 No. 44, Tegal Besar, Jember', '', 2596),
(697, 'Dr. Warta Sitompul', '0830953568', 'Jl. PB Sudirman Kompleks 90 No. 6, Kaliwates, Jember', '', 2597),
(698, 'Raharja Mandasari', '0828934476', 'Jl. Ahmad Yani Perumahan 91 Blok 35, Sumbersari, Jember', '', 2598),
(699, 'Estiawan Ardianto', '0866033725', 'Jl. PB Sudirman Kompleks 56 No. 10, Kaliwates, Jember', '', 2599),
(700, 'Sutan Heru Ardianto, S.Kom', '0869344168', 'Jl. PB Sudirman Kompleks 47 No. 42, Kaliwates, Jember', '', 2600),
(701, 'Maimunah Budiyanto', '0855899265', 'Perumahan Bumi Tegal Besar Blok 1 No. 37, Tegal Besar, Jember', '', 2601),
(702, 'Gambira Dongoran', '0822003526', 'Jl. Ahmad Yani Perumahan 19 Blok 48, Sumbersari, Jember', '', 2602),
(703, 'Rendy Saptono', '0874735193', 'Perumahan Bumi Tegal Besar Blok 43 No. 5, Tegal Besar, Jember', '', 2603),
(704, 'Ina Haryanto', '0831573702', 'Jl. PB Sudirman Kompleks 67 No. 28, Kaliwates, Jember', '', 2604),
(705, 'Cut Oni Suryono', '0834103196', 'Jl. Gatot Subroto Gg. 54 RT/RW 03/02, Patrang, Jember', '', 2605),
(706, 'Aurora Astuti', '0815952713', 'Perumahan Bumi Tegal Besar Blok 93 No. 11, Tegal Besar, Jember', '', 2606),
(707, 'Jaya Saragih', '0873568169', 'Jl. Ahmad Yani Perumahan 43 Blok 31, Sumbersari, Jember', '', 2607),
(708, 'Sutan Jamil Gunarto', '0824503492', 'Jl. Ahmad Yani Perumahan 48 Blok 5, Sumbersari, Jember', '', 2608),
(709, 'R.A. Qori Prasetya', '0870727910', 'Jl. Gatot Subroto Gg. 37 RT/RW 03/02, Patrang, Jember', '', 2609),
(710, 'Dr. Bagiya Nashiruddin, S.Gz', '0824454853', 'Perumahan Bumi Tegal Besar Blok 80 No. 29, Tegal Besar, Jember', '', 2610),
(711, 'Carla Lestari', '0836835778', 'Jl. Raya Sultan Agung No. 87, Sumbersari, Jember', '', 2611),
(712, 'Cakrawangsa Wacana', '0833499975', 'Perumahan Bumi Tegal Besar Blok 52 No. 13, Tegal Besar, Jember', '', 2612),
(713, 'Diana Januar', '0838718830', 'Jl. Ahmad Yani Perumahan 70 Blok 42, Sumbersari, Jember', '', 2613),
(714, 'Ulva Handayani', '0898078695', 'Jl. PB Sudirman Kompleks 69 No. 47, Kaliwates, Jember', '', 2614),
(715, 'Radit Firmansyah', '0843794210', 'Jl. Ahmad Yani Perumahan 45 Blok 35, Sumbersari, Jember', '', 2615),
(716, 'KH. Lantar Situmorang', '0871714216', 'Jl. Ahmad Yani Perumahan 90 Blok 17, Sumbersari, Jember', '', 2616),
(717, 'Dadap Pudjiastuti', '0814389607', 'Jl. Raya Sultan Agung No. 23, Sumbersari, Jember', '', 2617),
(718, 'Agnes Yuniar', '0851123042', 'Jl. Ahmad Yani Perumahan 49 Blok 23, Sumbersari, Jember', '', 2618),
(719, 'Melinda Saragih', '0880902912', 'Jl. Gatot Subroto Gg. 80 RT/RW 03/02, Patrang, Jember', '', 2619),
(720, 'Tasdik Zulaika', '0848591733', 'Jl. PB Sudirman Kompleks 70 No. 21, Kaliwates, Jember', '', 2620),
(721, 'Suci Mandala', '0828595577', 'Jl. Ahmad Yani Perumahan 98 Blok 45, Sumbersari, Jember', '', 2621),
(722, 'Tgk. Lidya Firmansyah, S.E.', '0850781580', 'Jl. PB Sudirman Kompleks 45 No. 48, Kaliwates, Jember', '', 2622),
(723, 'Dt. Ismail Sinaga', '0828556318', 'Perumahan Bumi Tegal Besar Blok 33 No. 20, Tegal Besar, Jember', '', 2623),
(724, 'Danuja Hasanah', '0867284339', 'Jl. PB Sudirman Kompleks 94 No. 21, Kaliwates, Jember', '', 2624),
(725, 'Dina Sitompul, S.E.', '0826371864', 'Jl. PB Sudirman Kompleks 97 No. 50, Kaliwates, Jember', '', 2625),
(726, 'Cemplunk Nasyiah', '0845119201', 'Perumahan Bumi Tegal Besar Blok 27 No. 24, Tegal Besar, Jember', '', 2626),
(727, 'Hafshah Kusmawati', '0885489132', 'Jl. PB Sudirman Kompleks 29 No. 11, Kaliwates, Jember', '', 2627),
(728, 'Dt. Dipa Laksmiwati, S.T.', '0823974033', 'Jl. Ahmad Yani Perumahan 42 Blok 33, Sumbersari, Jember', '', 2628),
(729, 'Rahayu Wibowo', '0852503863', 'Jl. Raya Sultan Agung No. 67, Sumbersari, Jember', '', 2629),
(730, 'Ir. Lintang Widodo, S.IP', '0826797933', 'Jl. Ahmad Yani Perumahan 68 Blok 22, Sumbersari, Jember', '', 2630),
(731, 'Puput Saptono', '0840793546', 'Jl. Ahmad Yani Perumahan 54 Blok 38, Sumbersari, Jember', '', 2631),
(732, 'Kiandra Mayasari', '0811727869', 'Jl. PB Sudirman Kompleks 75 No. 39, Kaliwates, Jember', '', 2632),
(733, 'drg. Siti Latupono, S.Sos', '0879793900', 'Perumahan Bumi Tegal Besar Blok 53 No. 41, Tegal Besar, Jember', '', 2633),
(734, 'Anita Nuraini, M.TI.', '0896526748', 'Perumahan Bumi Tegal Besar Blok 39 No. 37, Tegal Besar, Jember', '', 2634),
(735, 'R. Tari Pratiwi', '0833159498', 'Jl. Ahmad Yani Perumahan 7 Blok 25, Sumbersari, Jember', '', 2635),
(736, 'Syahrini Saptono', '0829705523', 'Jl. PB Sudirman Kompleks 30 No. 29, Kaliwates, Jember', '', 2636),
(737, 'H. Bakianto Maheswara', '0891111382', 'Jl. Gatot Subroto Gg. 60 RT/RW 03/02, Patrang, Jember', '', 2637),
(738, 'Hj. Julia Uwais, S.T.', '0818377909', 'Jl. Ahmad Yani Perumahan 11 Blok 11, Sumbersari, Jember', '', 2638),
(739, 'Dr. Lasmono Najmudin, S.Ked', '0811858019', 'Jl. Ahmad Yani Perumahan 61 Blok 31, Sumbersari, Jember', '', 2639),
(740, 'Michelle Nuraini, S.Ked', '0815371450', 'Jl. Ahmad Yani Perumahan 4 Blok 44, Sumbersari, Jember', '', 2640),
(741, 'Langgeng Usada, S.Kom', '0854121877', 'Jl. Raya Sultan Agung No. 97, Sumbersari, Jember', '', 2641),
(742, 'Ir. Tasdik Wibisono, S.Sos', '0867366181', 'Jl. Gatot Subroto Gg. 36 RT/RW 03/02, Patrang, Jember', '', 2642),
(743, 'Karsana Mulyani', '0896495092', 'Jl. PB Sudirman Kompleks 27 No. 37, Kaliwates, Jember', '', 2643),
(744, 'Eli Mansur', '0871752429', 'Jl. PB Sudirman Kompleks 87 No. 42, Kaliwates, Jember', '', 2644),
(745, 'Dr. Vinsen Novitasari', '0836577835', 'Jl. Ahmad Yani Perumahan 78 Blok 26, Sumbersari, Jember', '', 2645),
(746, 'Lukita Kusumo', '0842175728', 'Jl. PB Sudirman Kompleks 28 No. 27, Kaliwates, Jember', '', 2646),
(747, 'drg. Vicky Mustofa, M.Farm', '0850224175', 'Jl. PB Sudirman Kompleks 100 No. 13, Kaliwates, Jember', '', 2647),
(748, 'Titi Utama', '0848875058', 'Jl. Raya Sultan Agung No. 5, Sumbersari, Jember', '', 2648),
(749, 'Carla Namaga, M.M.', '0855612933', 'Jl. Gatot Subroto Gg. 82 RT/RW 03/02, Patrang, Jember', '', 2649),
(750, 'dr. Kania Pratama', '0846158279', 'Jl. PB Sudirman Kompleks 42 No. 43, Kaliwates, Jember', '', 2650),
(751, 'Dina Prastuti', '0871407548', 'Jl. Raya Sultan Agung No. 88, Sumbersari, Jember', '', 2651),
(752, 'Tgk. Argono Siregar, M.Farm', '0870772252', 'Jl. PB Sudirman Kompleks 56 No. 2, Kaliwates, Jember', '', 2652),
(753, 'Karen Siregar', '0844303949', 'Jl. PB Sudirman Kompleks 24 No. 20, Kaliwates, Jember', '', 2653),
(754, 'Michelle Nashiruddin', '0885323392', 'Perumahan Bumi Tegal Besar Blok 73 No. 10, Tegal Besar, Jember', '', 2654),
(755, 'Tiara Maheswara', '0859284703', 'Jl. Ahmad Yani Perumahan 94 Blok 1, Sumbersari, Jember', '', 2655),
(756, 'drg. Yoga Anggriawan', '0828567690', 'Perumahan Bumi Tegal Besar Blok 21 No. 29, Tegal Besar, Jember', '', 2656),
(757, 'Rahayu Megantara', '0820049396', 'Jl. Raya Sultan Agung No. 87, Sumbersari, Jember', '', 2657),
(758, 'Kawaca Nainggolan', '0821566706', 'Jl. PB Sudirman Kompleks 79 No. 35, Kaliwates, Jember', '', 2658),
(759, 'Chelsea Laksita', '0894376318', 'Jl. Gatot Subroto Gg. 79 RT/RW 03/02, Patrang, Jember', '', 2659),
(760, 'Hartaka Prasetyo', '0872523574', 'Jl. Raya Sultan Agung No. 28, Sumbersari, Jember', '', 2660),
(761, 'Tgk. Chelsea Haryanti', '0861737621', 'Jl. Ahmad Yani Perumahan 65 Blok 46, Sumbersari, Jember', '', 2661),
(762, 'Zaenab Haryanto', '0894893867', 'Jl. Gatot Subroto Gg. 98 RT/RW 03/02, Patrang, Jember', '', 2662),
(763, 'Cakrajiya Oktaviani', '0821429889', 'Jl. Ahmad Yani Perumahan 41 Blok 34, Sumbersari, Jember', '', 2663),
(764, 'Amelia Kuswoyo, S.E.I', '0892458794', 'Jl. Gatot Subroto Gg. 37 RT/RW 03/02, Patrang, Jember', '', 2664),
(765, 'Viktor Laksmiwati, M.M.', '0869325131', 'Jl. PB Sudirman Kompleks 69 No. 36, Kaliwates, Jember', '', 2665),
(766, 'Hj. Raina Rahayu', '0857345835', 'Perumahan Bumi Tegal Besar Blok 45 No. 49, Tegal Besar, Jember', '', 2666),
(767, 'Drs. Nadine Sihombing, S.Ked', '0830536778', 'Jl. Gatot Subroto Gg. 16 RT/RW 03/02, Patrang, Jember', '', 2667),
(768, 'Dr. Kezia Rajata, S.Pd', '0825178726', 'Jl. Raya Sultan Agung No. 97, Sumbersari, Jember', '', 2668),
(769, 'Atmaja Sitompul, S.I.Kom', '0811339330', 'Jl. PB Sudirman Kompleks 83 No. 35, Kaliwates, Jember', '', 2669),
(770, 'Hj. Carla Hastuti, S.Sos', '0816347320', 'Jl. Ahmad Yani Perumahan 74 Blok 28, Sumbersari, Jember', '', 2670),
(771, 'Alika Wacana', '0891932664', 'Jl. PB Sudirman Kompleks 5 No. 19, Kaliwates, Jember', '', 2671),
(772, 'drg. Warji Prayoga', '0838971210', 'Jl. Ahmad Yani Perumahan 61 Blok 42, Sumbersari, Jember', '', 2672),
(773, 'Tgk. Genta Sitorus', '0819657327', 'Jl. Gatot Subroto Gg. 19 RT/RW 03/02, Patrang, Jember', '', 2673),
(774, 'Aslijan Halim', '0830613092', 'Jl. Raya Sultan Agung No. 4, Sumbersari, Jember', '', 2674),
(775, 'Eka Napitupulu', '0872382275', 'Jl. Raya Sultan Agung No. 54, Sumbersari, Jember', '', 2675),
(776, 'T. Jagapati Pertiwi, S.Ked', '0891567258', 'Jl. Ahmad Yani Perumahan 8 Blok 21, Sumbersari, Jember', '', 2676),
(777, 'Zulfa Sirait', '0818077418', 'Jl. Gatot Subroto Gg. 40 RT/RW 03/02, Patrang, Jember', '', 2677),
(778, 'Puti Siti Usamah', '0861848696', 'Jl. PB Sudirman Kompleks 78 No. 8, Kaliwates, Jember', '', 2678),
(779, 'Cager Salahudin, S.Pt', '0838456279', 'Jl. Ahmad Yani Perumahan 15 Blok 19, Sumbersari, Jember', '', 2679),
(780, 'drg. Hartaka Yuliarti, M.Ak', '0847644210', 'Perumahan Bumi Tegal Besar Blok 39 No. 2, Tegal Besar, Jember', '', 2680),
(781, 'Tgk. Ulva Lazuardi', '0826754126', 'Jl. Raya Sultan Agung No. 34, Sumbersari, Jember', '', 2681),
(782, 'Drs. Jelita Puspita', '0839469951', 'Jl. Ahmad Yani Perumahan 100 Blok 47, Sumbersari, Jember', '', 2682),
(783, 'Tgk. Dipa Halimah', '0832328865', 'Jl. Gatot Subroto Gg. 23 RT/RW 03/02, Patrang, Jember', '', 2683),
(784, 'Icha Siregar', '0890943690', 'Perumahan Bumi Tegal Besar Blok 32 No. 40, Tegal Besar, Jember', '', 2684),
(785, 'R.M. Wardaya Simanjuntak', '0819703297', 'Perumahan Bumi Tegal Besar Blok 21 No. 49, Tegal Besar, Jember', '', 2685),
(786, 'Upik Laksmiwati', '0824491650', 'Jl. Raya Sultan Agung No. 1, Sumbersari, Jember', '', 2686),
(787, 'Wardaya Sitompul', '0840565206', 'Jl. Gatot Subroto Gg. 25 RT/RW 03/02, Patrang, Jember', '', 2687),
(788, 'Ozy Hassanah', '0876706066', 'Perumahan Bumi Tegal Besar Blok 42 No. 47, Tegal Besar, Jember', '', 2688),
(789, 'Drs. Eva Prasetya', '0859406445', 'Jl. PB Sudirman Kompleks 23 No. 32, Kaliwates, Jember', '', 2689),
(790, 'Rafid Pradana', '0869966807', 'Jl. Ahmad Yani Perumahan 24 Blok 10, Sumbersari, Jember', '', 2690),
(791, 'Dinda Mayasari', '0840648737', 'Jl. Gatot Subroto Gg. 47 RT/RW 03/02, Patrang, Jember', '', 2691),
(792, 'R. Belinda Setiawan', '0862456606', 'Jl. Gatot Subroto Gg. 36 RT/RW 03/02, Patrang, Jember', '', 2692),
(793, 'drg. Aswani Rajasa', '0825274731', 'Jl. PB Sudirman Kompleks 39 No. 41, Kaliwates, Jember', '', 2693),
(794, 'Icha Napitupulu', '0844398274', 'Jl. Raya Sultan Agung No. 91, Sumbersari, Jember', '', 2694),
(795, 'Kadir Suryono', '0896592578', 'Perumahan Bumi Tegal Besar Blok 4 No. 9, Tegal Besar, Jember', '', 2695),
(796, 'R. Mila Suartini, S.T.', '0836733808', 'Jl. Ahmad Yani Perumahan 71 Blok 6, Sumbersari, Jember', '', 2696),
(797, 'R.A. Yance Saragih, S.Psi', '0840644613', 'Jl. PB Sudirman Kompleks 88 No. 8, Kaliwates, Jember', '', 2697),
(798, 'Tgk. Ika Suryatmi, M.Farm', '0848434408', 'Jl. Ahmad Yani Perumahan 9 Blok 29, Sumbersari, Jember', '', 2698),
(799, 'Amelia Kuswoyo', '0838055451', 'Jl. Raya Sultan Agung No. 70, Sumbersari, Jember', '', 2699),
(800, 'Irma Firmansyah', '0887788996', 'Jl. Ahmad Yani Perumahan 91 Blok 18, Sumbersari, Jember', '', 2700),
(801, 'Amalia Lailasari, S.H.', '0838489566', 'Perumahan Bumi Tegal Besar Blok 78 No. 42, Tegal Besar, Jember', '', 2701),
(802, 'KH. Mulya Zulkarnain, M.Pd', '0862214346', 'Jl. PB Sudirman Kompleks 30 No. 24, Kaliwates, Jember', '', 2702),
(803, 'Surya Dongoran', '0895442047', 'Jl. PB Sudirman Kompleks 71 No. 3, Kaliwates, Jember', '', 2703),
(804, 'Rini Pradana', '0872687379', 'Jl. Ahmad Yani Perumahan 96 Blok 10, Sumbersari, Jember', '', 2704),
(805, 'Hasan Prasetya', '0821633892', 'Jl. Ahmad Yani Perumahan 25 Blok 27, Sumbersari, Jember', '', 2705),
(806, 'Slamet Pertiwi, S.IP', '0845544629', 'Jl. PB Sudirman Kompleks 90 No. 48, Kaliwates, Jember', '', 2706),
(807, 'Vanya Megantara', '0853831994', 'Jl. Raya Sultan Agung No. 9, Sumbersari, Jember', '', 2707),
(808, 'R.M. Galak Saragih', '0858984169', 'Jl. Ahmad Yani Perumahan 21 Blok 19, Sumbersari, Jember', '', 2708),
(809, 'Tgk. Digdaya Wacana', '0851221922', 'Jl. PB Sudirman Kompleks 56 No. 41, Kaliwates, Jember', '', 2709),
(810, 'T. Maman Dongoran, S.Psi', '0875252079', 'Perumahan Bumi Tegal Besar Blok 34 No. 38, Tegal Besar, Jember', '', 2710),
(811, 'Opung Novitasari', '0812188469', 'Jl. Gatot Subroto Gg. 14 RT/RW 03/02, Patrang, Jember', '', 2711),
(812, 'Tgk. Mursita Palastri, S.Farm', '0898554463', 'Jl. Raya Sultan Agung No. 95, Sumbersari, Jember', '', 2712),
(813, 'Puti Ade Mardhiyah', '0837535929', 'Jl. PB Sudirman Kompleks 63 No. 2, Kaliwates, Jember', '', 2713),
(814, 'Cut Maimunah Puspasari', '0835569678', 'Jl. Ahmad Yani Perumahan 31 Blok 27, Sumbersari, Jember', '', 2714),
(815, 'Eluh Mustofa', '0891495943', 'Jl. PB Sudirman Kompleks 27 No. 9, Kaliwates, Jember', '', 2715),
(816, 'drg. Gamblang Wibowo, S.Pt', '0852244224', 'Jl. Gatot Subroto Gg. 28 RT/RW 03/02, Patrang, Jember', '', 2716),
(817, 'Intan Setiawan, M.TI.', '0866163504', 'Jl. PB Sudirman Kompleks 15 No. 30, Kaliwates, Jember', '', 2717),
(818, 'Irnanto Najmudin', '0823729979', 'Perumahan Bumi Tegal Besar Blok 49 No. 13, Tegal Besar, Jember', '', 2718),
(819, 'Cahyadi Uyainah', '0862731952', 'Perumahan Bumi Tegal Besar Blok 4 No. 46, Tegal Besar, Jember', '', 2719),
(820, 'Puti Yuliana Utami', '0820589433', 'Perumahan Bumi Tegal Besar Blok 27 No. 18, Tegal Besar, Jember', '', 2720),
(821, 'Olivia Prasetya', '0879458408', 'Jl. PB Sudirman Kompleks 99 No. 33, Kaliwates, Jember', '', 2721),
(822, 'dr. Wardi Firgantoro', '0887985752', 'Perumahan Bumi Tegal Besar Blok 34 No. 27, Tegal Besar, Jember', '', 2722),
(823, 'Ana Suryatmi, M.Kom.', '0896153979', 'Jl. Ahmad Yani Perumahan 53 Blok 31, Sumbersari, Jember', '', 2723),
(824, 'Irfan Pudjiastuti', '0829525780', 'Jl. Gatot Subroto Gg. 92 RT/RW 03/02, Patrang, Jember', '', 2724),
(825, 'Drs. Prabowo Ardianto, S.Psi', '0879119811', 'Jl. Ahmad Yani Perumahan 30 Blok 20, Sumbersari, Jember', '', 2725),
(826, 'Estiawan Ramadan', '0816589820', 'Jl. Gatot Subroto Gg. 100 RT/RW 03/02, Patrang, Jember', '', 2726),
(827, 'Michelle Simanjuntak', '0823832470', 'Jl. PB Sudirman Kompleks 23 No. 49, Kaliwates, Jember', '', 2727),
(828, 'Liman Widiastuti', '0817509254', 'Jl. Raya Sultan Agung No. 75, Sumbersari, Jember', '', 2728),
(829, 'Oliva Fujiati', '0878668779', 'Jl. Gatot Subroto Gg. 60 RT/RW 03/02, Patrang, Jember', '', 2729),
(830, 'R.M. Sabri Prasetya, M.Kom.', '0885513547', 'Jl. Ahmad Yani Perumahan 64 Blok 25, Sumbersari, Jember', '', 2730),
(831, 'KH. Cahyono Wijaya', '0817139630', 'Jl. Gatot Subroto Gg. 7 RT/RW 03/02, Patrang, Jember', '', 2731),
(832, 'Malik Nainggolan', '0879243899', 'Jl. PB Sudirman Kompleks 55 No. 20, Kaliwates, Jember', '', 2732),
(833, 'Emas Tampubolon', '0899731956', 'Perumahan Bumi Tegal Besar Blok 37 No. 11, Tegal Besar, Jember', '', 2733),
(834, 'Vicky Waluyo', '0869303938', 'Jl. PB Sudirman Kompleks 7 No. 3, Kaliwates, Jember', '', 2734),
(835, 'Laswi Yolanda, M.M.', '0825368182', 'Jl. PB Sudirman Kompleks 30 No. 39, Kaliwates, Jember', '', 2735),
(836, 'Bakiadi Prasetyo', '0851792655', 'Perumahan Bumi Tegal Besar Blok 75 No. 40, Tegal Besar, Jember', '', 2736),
(837, 'Cemani Pradana', '0819048801', 'Perumahan Bumi Tegal Besar Blok 84 No. 42, Tegal Besar, Jember', '', 2737),
(838, 'Queen Santoso', '0862887380', 'Perumahan Bumi Tegal Besar Blok 79 No. 11, Tegal Besar, Jember', '', 2738),
(839, 'Ilsa Melani', '0885626771', 'Jl. Gatot Subroto Gg. 97 RT/RW 03/02, Patrang, Jember', '', 2739),
(840, 'Hj. Keisha Nainggolan, S.Pt', '0861294786', 'Perumahan Bumi Tegal Besar Blok 45 No. 27, Tegal Besar, Jember', '', 2740),
(841, 'Kamila Maheswara', '0854023555', 'Perumahan Bumi Tegal Besar Blok 30 No. 47, Tegal Besar, Jember', '', 2741),
(842, 'Rahmi Santoso', '0854758917', 'Jl. PB Sudirman Kompleks 74 No. 8, Kaliwates, Jember', '', 2742),
(843, 'dr. Ira Sihotang, M.Farm', '0871517316', 'Jl. Raya Sultan Agung No. 82, Sumbersari, Jember', '', 2743),
(844, 'Cut Zelda Tampubolon', '0850225070', 'Jl. Raya Sultan Agung No. 57, Sumbersari, Jember', '', 2744),
(845, 'Ganjaran Wibisono, S.Kom', '0847147821', 'Jl. Raya Sultan Agung No. 71, Sumbersari, Jember', '', 2745),
(846, 'Yunita Riyanti', '0891801833', 'Jl. Ahmad Yani Perumahan 97 Blok 10, Sumbersari, Jember', '', 2746),
(847, 'Anita Manullang', '0884087916', 'Jl. Gatot Subroto Gg. 65 RT/RW 03/02, Patrang, Jember', '', 2747),
(848, 'Dodo Damanik', '0831888269', 'Jl. Gatot Subroto Gg. 80 RT/RW 03/02, Patrang, Jember', '', 2748),
(849, 'Taufik Zulaika', '0890526985', 'Jl. Gatot Subroto Gg. 8 RT/RW 03/02, Patrang, Jember', '', 2749),
(850, 'Mahesa Pangestu, S.Sos', '0816307409', 'Jl. Gatot Subroto Gg. 35 RT/RW 03/02, Patrang, Jember', '', 2750),
(851, 'Lintang Farida', '0883027051', 'Jl. Ahmad Yani Perumahan 39 Blok 48, Sumbersari, Jember', '', 2751),
(852, 'Intan Firmansyah', '0886488347', 'Jl. Raya Sultan Agung No. 39, Sumbersari, Jember', '', 2752),
(853, 'Ir. Hani Mangunsong, M.Pd', '0829185594', 'Jl. Gatot Subroto Gg. 27 RT/RW 03/02, Patrang, Jember', '', 2753),
(854, 'Joko Puspita', '0827369252', 'Perumahan Bumi Tegal Besar Blok 46 No. 4, Tegal Besar, Jember', '', 2754),
(855, 'R. Almira Kusumo, M.Farm', '0818661650', 'Jl. PB Sudirman Kompleks 19 No. 35, Kaliwates, Jember', '', 2755),
(856, 'H. Kuncara Sihotang', '0887395561', 'Jl. Raya Sultan Agung No. 1, Sumbersari, Jember', '', 2756),
(857, 'Oni Hidayanto', '0829997297', 'Jl. Ahmad Yani Perumahan 10 Blok 3, Sumbersari, Jember', '', 2757),
(858, 'R.M. Hamzah Prabowo, S.Psi', '0814681368', 'Jl. PB Sudirman Kompleks 37 No. 32, Kaliwates, Jember', '', 2758),
(859, 'Diah Waskita, S.Farm', '0826989954', 'Jl. Gatot Subroto Gg. 41 RT/RW 03/02, Patrang, Jember', '', 2759),
(860, 'Cut Wirda Usamah, M.Ak', '0868595976', 'Jl. PB Sudirman Kompleks 39 No. 33, Kaliwates, Jember', '', 2760),
(861, 'Dr. Zahra Utami, S.Pt', '0886221346', 'Jl. Raya Sultan Agung No. 19, Sumbersari, Jember', '', 2761),
(862, 'Padma Nugroho', '0843544643', 'Perumahan Bumi Tegal Besar Blok 55 No. 26, Tegal Besar, Jember', '', 2762),
(863, 'Laswi Kusumo', '0854865240', 'Jl. Ahmad Yani Perumahan 35 Blok 15, Sumbersari, Jember', '', 2763),
(864, 'Nilam Saragih, S.E.', '0874692689', 'Perumahan Bumi Tegal Besar Blok 74 No. 14, Tegal Besar, Jember', '', 2764),
(865, 'Sutan Dadap Suartini, S.IP', '0816855845', 'Jl. PB Sudirman Kompleks 44 No. 42, Kaliwates, Jember', '', 2765),
(866, 'Yosef Wacana, S.E.I', '0897675937', 'Jl. Gatot Subroto Gg. 59 RT/RW 03/02, Patrang, Jember', '', 2766),
(867, 'Ida Utami, S.Gz', '0860128162', 'Jl. Ahmad Yani Perumahan 17 Blok 38, Sumbersari, Jember', '', 2767),
(868, 'Padmi Marbun, S.H.', '0831472922', 'Jl. PB Sudirman Kompleks 68 No. 12, Kaliwates, Jember', '', 2768),
(869, 'Kani Irawan', '0872944556', 'Jl. Ahmad Yani Perumahan 92 Blok 33, Sumbersari, Jember', '', 2769),
(870, 'Baktiadi Salahudin', '0815191990', 'Jl. Ahmad Yani Perumahan 1 Blok 45, Sumbersari, Jember', '', 2770),
(871, 'Gamani Rahmawati', '0896876311', 'Jl. PB Sudirman Kompleks 22 No. 46, Kaliwates, Jember', '', 2771),
(872, 'Dt. Gilang Wacana', '0817628236', 'Perumahan Bumi Tegal Besar Blok 79 No. 16, Tegal Besar, Jember', '', 2772),
(873, 'Kasim Sihotang', '0894195677', 'Jl. Ahmad Yani Perumahan 1 Blok 35, Sumbersari, Jember', '', 2773),
(874, 'R. Elma Purwanti, M.Pd', '0867813933', 'Jl. Gatot Subroto Gg. 69 RT/RW 03/02, Patrang, Jember', '', 2774),
(875, 'Aurora Mandala', '0869856725', 'Jl. Ahmad Yani Perumahan 40 Blok 43, Sumbersari, Jember', '', 2775),
(876, 'Puti Zaenab Widodo, S.Sos', '0865419135', 'Jl. Ahmad Yani Perumahan 77 Blok 9, Sumbersari, Jember', '', 2776),
(877, 'Rosman Yuniar', '0854385009', 'Jl. Ahmad Yani Perumahan 25 Blok 44, Sumbersari, Jember', '', 2777),
(878, 'Bakti Widodo', '0867573234', 'Jl. Gatot Subroto Gg. 53 RT/RW 03/02, Patrang, Jember', '', 2778),
(879, 'Hj. Jelita Wahyudin, M.TI.', '0816484211', 'Jl. Raya Sultan Agung No. 12, Sumbersari, Jember', '', 2779),
(880, 'Tgk. Diana Adriansyah, S.Kom', '0859772892', 'Jl. Ahmad Yani Perumahan 74 Blok 15, Sumbersari, Jember', '', 2780),
(881, 'Irsad Novitasari', '0851915318', 'Jl. Ahmad Yani Perumahan 61 Blok 28, Sumbersari, Jember', '', 2781),
(882, 'Agus Andriani', '0855547425', 'Perumahan Bumi Tegal Besar Blok 66 No. 3, Tegal Besar, Jember', '', 2782),
(883, 'Salwa Firmansyah', '0862517750', 'Jl. Ahmad Yani Perumahan 11 Blok 1, Sumbersari, Jember', '', 2783),
(884, 'T. Bajragin Wahyudin', '0894113968', 'Jl. Gatot Subroto Gg. 5 RT/RW 03/02, Patrang, Jember', '', 2784),
(885, 'Paramita Novitasari, S.Kom', '0876748991', 'Perumahan Bumi Tegal Besar Blok 43 No. 36, Tegal Besar, Jember', '', 2785),
(886, 'drg. Galak Permata, M.M.', '0864642561', 'Jl. Gatot Subroto Gg. 27 RT/RW 03/02, Patrang, Jember', '', 2786),
(887, 'Ayu Santoso', '0844983980', 'Jl. Raya Sultan Agung No. 61, Sumbersari, Jember', '', 2787),
(888, 'Purwadi Maheswara, M.Ak', '0828852097', 'Jl. Ahmad Yani Perumahan 98 Blok 49, Sumbersari, Jember', '', 2788),
(889, 'Gaiman Prakasa', '0883628700', 'Jl. Raya Sultan Agung No. 21, Sumbersari, Jember', '', 2789),
(890, 'Puti Paulin Nurdiyanti', '0882635106', 'Jl. Raya Sultan Agung No. 61, Sumbersari, Jember', '', 2790),
(891, 'Makara Haryanto, M.TI.', '0829939544', 'Perumahan Bumi Tegal Besar Blok 45 No. 49, Tegal Besar, Jember', '', 2791),
(892, 'Hasna Sihotang', '0821311942', 'Jl. Gatot Subroto Gg. 66 RT/RW 03/02, Patrang, Jember', '', 2792),
(893, 'Sutan Harto Lailasari', '0860794119', 'Jl. Ahmad Yani Perumahan 57 Blok 33, Sumbersari, Jember', '', 2793),
(894, 'R.M. Setya Budiyanto', '0857745353', 'Jl. Raya Sultan Agung No. 25, Sumbersari, Jember', '', 2794),
(895, 'Ida Pradana', '0835071826', 'Jl. PB Sudirman Kompleks 11 No. 34, Kaliwates, Jember', '', 2795),
(896, 'Darmanto Budiyanto', '0889708676', 'Jl. Ahmad Yani Perumahan 77 Blok 7, Sumbersari, Jember', '', 2796),
(897, 'Balangga Firmansyah, S.Ked', '0858564765', 'Perumahan Bumi Tegal Besar Blok 53 No. 12, Tegal Besar, Jember', '', 2797),
(898, 'drg. Bala Yolanda', '0827815894', 'Perumahan Bumi Tegal Besar Blok 75 No. 8, Tegal Besar, Jember', '', 2798),
(899, 'Dewi Uwais', '0867001342', 'Jl. PB Sudirman Kompleks 59 No. 44, Kaliwates, Jember', '', 2799),
(900, 'Zalindra Mahendra', '0816996719', 'Perumahan Bumi Tegal Besar Blok 87 No. 42, Tegal Besar, Jember', '', 2800),
(901, 'Puti Ajeng Permadi', '0867268465', 'Jl. Raya Sultan Agung No. 84, Sumbersari, Jember', '', 2801),
(902, 'Ir. Talia Sitompul', '0835318317', 'Jl. Raya Sultan Agung No. 52, Sumbersari, Jember', '', 2802),
(903, 'Dalima Mandasari, S.E.I', '0860766667', 'Perumahan Bumi Tegal Besar Blok 46 No. 13, Tegal Besar, Jember', '', 2803),
(904, 'Intan Kuswandari', '0823247656', 'Jl. PB Sudirman Kompleks 26 No. 36, Kaliwates, Jember', '', 2804),
(905, 'Umay Kuswandari, S.Ked', '0843286216', 'Jl. Raya Sultan Agung No. 54, Sumbersari, Jember', '', 2805),
(906, 'T. Dodo Hardiansyah', '0817836547', 'Jl. Ahmad Yani Perumahan 89 Blok 4, Sumbersari, Jember', '', 2806),
(907, 'Elon Lazuardi, S.Sos', '0892705209', 'Perumahan Bumi Tegal Besar Blok 15 No. 27, Tegal Besar, Jember', '', 2807),
(908, 'drg. Kuncara Lazuardi', '0833726432', 'Jl. PB Sudirman Kompleks 31 No. 21, Kaliwates, Jember', '', 2808),
(909, 'Gina Mardhiyah', '0857419324', 'Perumahan Bumi Tegal Besar Blok 91 No. 21, Tegal Besar, Jember', '', 2809),
(910, 'Labuh Mangunsong', '0829352526', 'Jl. PB Sudirman Kompleks 7 No. 30, Kaliwates, Jember', '', 2810),
(911, 'R. Taufik Napitupulu', '0836441920', 'Jl. Gatot Subroto Gg. 24 RT/RW 03/02, Patrang, Jember', '', 2811),
(912, 'Zelaya Lailasari', '0823462082', 'Perumahan Bumi Tegal Besar Blok 15 No. 43, Tegal Besar, Jember', '', 2812),
(913, 'Banara Prayoga', '0861767274', 'Jl. PB Sudirman Kompleks 87 No. 17, Kaliwates, Jember', '', 2813),
(914, 'Gabriella Marbun', '0833002247', 'Perumahan Bumi Tegal Besar Blok 26 No. 20, Tegal Besar, Jember', '', 2814),
(915, 'Kezia Kusmawati', '0834139039', 'Jl. Raya Sultan Agung No. 59, Sumbersari, Jember', '', 2815),
(916, 'Hj. Zulfa Megantara, S.I.Kom', '0831386584', 'Perumahan Bumi Tegal Besar Blok 84 No. 39, Tegal Besar, Jember', '', 2816),
(917, 'Umay Anggraini', '0881459427', 'Jl. Gatot Subroto Gg. 60 RT/RW 03/02, Patrang, Jember', '', 2817),
(918, 'Dr. Balidin Fujiati, S.H.', '0889267887', 'Jl. PB Sudirman Kompleks 9 No. 15, Kaliwates, Jember', '', 2818),
(919, 'Umaya Mandasari', '0823471494', 'Jl. Gatot Subroto Gg. 12 RT/RW 03/02, Patrang, Jember', '', 2819),
(920, 'Shania Halim', '0879727188', 'Jl. PB Sudirman Kompleks 31 No. 4, Kaliwates, Jember', '', 2820),
(921, 'R.A. Puput Budiman, S.IP', '0892699598', 'Jl. PB Sudirman Kompleks 30 No. 10, Kaliwates, Jember', '', 2821),
(922, 'Eva Megantara, S.Kom', '0829215681', 'Jl. Gatot Subroto Gg. 22 RT/RW 03/02, Patrang, Jember', '', 2822),
(923, 'Ridwan Laksmiwati', '0893804036', 'Perumahan Bumi Tegal Besar Blok 87 No. 10, Tegal Besar, Jember', '', 2823),
(924, 'Hilda Tamba', '0876876278', 'Jl. Gatot Subroto Gg. 76 RT/RW 03/02, Patrang, Jember', '', 2824),
(925, 'Lala Irawan', '0877355889', 'Jl. Raya Sultan Agung No. 39, Sumbersari, Jember', '', 2825),
(926, 'Indah Wasita', '0825198698', 'Perumahan Bumi Tegal Besar Blok 62 No. 45, Tegal Besar, Jember', '', 2826),
(927, 'Lantar Thamrin', '0836186494', 'Jl. Gatot Subroto Gg. 51 RT/RW 03/02, Patrang, Jember', '', 2827),
(928, 'Unggul Permadi', '0828204449', 'Perumahan Bumi Tegal Besar Blok 34 No. 27, Tegal Besar, Jember', '', 2828),
(929, 'Najam Waluyo', '0839632034', 'Jl. Ahmad Yani Perumahan 89 Blok 17, Sumbersari, Jember', '', 2829),
(930, 'Lukman Sihotang', '0886076456', 'Jl. PB Sudirman Kompleks 82 No. 1, Kaliwates, Jember', '', 2830),
(931, 'Sutan Aditya Waskita', '0868858261', 'Jl. PB Sudirman Kompleks 71 No. 32, Kaliwates, Jember', '', 2831),
(932, 'Muhammad Mardhiyah, S.Psi', '0831141147', 'Jl. Gatot Subroto Gg. 73 RT/RW 03/02, Patrang, Jember', '', 2832),
(933, 'Jane Samosir', '0817018021', 'Jl. Gatot Subroto Gg. 57 RT/RW 03/02, Patrang, Jember', '', 2833),
(934, 'Zizi Mardhiyah, S.Farm', '0892682446', 'Jl. Ahmad Yani Perumahan 33 Blok 43, Sumbersari, Jember', '', 2834),
(935, 'Sutan Argono Firmansyah', '0884695595', 'Jl. PB Sudirman Kompleks 15 No. 48, Kaliwates, Jember', '', 2835),
(936, 'dr. Janet Mahendra, M.Farm', '0889865336', 'Jl. Raya Sultan Agung No. 54, Sumbersari, Jember', '', 2836),
(937, 'Cut Laila Wastuti, S.Farm', '0852991348', 'Jl. Raya Sultan Agung No. 53, Sumbersari, Jember', '', 2837),
(938, 'Gawati Kusmawati', '0847854239', 'Jl. Gatot Subroto Gg. 12 RT/RW 03/02, Patrang, Jember', '', 2838),
(939, 'Zelaya Ardianto', '0897686429', 'Jl. Gatot Subroto Gg. 31 RT/RW 03/02, Patrang, Jember', '', 2839),
(940, 'drg. Harja Wahyuni, S.T.', '0897019593', 'Jl. PB Sudirman Kompleks 69 No. 36, Kaliwates, Jember', '', 2840),
(941, 'Luis Saputra', '0834459091', 'Jl. PB Sudirman Kompleks 4 No. 18, Kaliwates, Jember', '', 2841),
(942, 'R. Uchita Mardhiyah', '0866308700', 'Perumahan Bumi Tegal Besar Blok 71 No. 23, Tegal Besar, Jember', '', 2842),
(943, 'Ibun Suryatmi', '0880169347', 'Perumahan Bumi Tegal Besar Blok 38 No. 33, Tegal Besar, Jember', '', 2843),
(944, 'Hj. Ellis Hutapea', '0870109211', 'Jl. PB Sudirman Kompleks 9 No. 10, Kaliwates, Jember', '', 2844),
(945, 'Asmadi Sitorus', '0828852466', 'Jl. Raya Sultan Agung No. 41, Sumbersari, Jember', '', 2845),
(946, 'Jayeng Saptono', '0816711161', 'Jl. Raya Sultan Agung No. 93, Sumbersari, Jember', '', 2846),
(947, 'Ana Pradana', '0822874571', 'Jl. Ahmad Yani Perumahan 56 Blok 38, Sumbersari, Jember', '', 2847),
(948, 'Erik Budiyanto, M.Pd', '0847677858', 'Jl. Ahmad Yani Perumahan 29 Blok 50, Sumbersari, Jember', '', 2848),
(949, 'KH. Bakianto Sinaga, M.TI.', '0890842573', 'Perumahan Bumi Tegal Besar Blok 37 No. 3, Tegal Besar, Jember', '', 2849),
(950, 'R. Ulya Sihombing, M.Pd', '0840779520', 'Jl. Raya Sultan Agung No. 71, Sumbersari, Jember', '', 2850),
(951, 'Maman Uyainah', '0818727903', 'Perumahan Bumi Tegal Besar Blok 31 No. 47, Tegal Besar, Jember', '', 2851),
(952, 'Aris Hakim', '0822848126', 'Jl. Gatot Subroto Gg. 22 RT/RW 03/02, Patrang, Jember', '', 2852),
(953, 'Ami Melani', '0828934815', 'Jl. Raya Sultan Agung No. 68, Sumbersari, Jember', '', 2853),
(954, 'dr. Yani Padmasari', '0859662734', 'Jl. PB Sudirman Kompleks 77 No. 41, Kaliwates, Jember', '', 2854),
(955, 'Cemani Prasasta, M.Farm', '0868187179', 'Jl. Raya Sultan Agung No. 98, Sumbersari, Jember', '', 2855),
(956, 'drg. Gara Wacana, M.Pd', '0832532737', 'Jl. PB Sudirman Kompleks 29 No. 28, Kaliwates, Jember', '', 2856),
(957, 'T. Atmaja Hariyah, M.M.', '0892514063', 'Jl. Ahmad Yani Perumahan 42 Blok 34, Sumbersari, Jember', '', 2857),
(958, 'Dr. Bagya Nugroho, S.Sos', '0881286040', 'Jl. PB Sudirman Kompleks 80 No. 41, Kaliwates, Jember', '', 2858),
(959, 'Yance Fujiati', '0858661323', 'Jl. Gatot Subroto Gg. 63 RT/RW 03/02, Patrang, Jember', '', 2859),
(960, 'Gatot Waskita', '0894172791', 'Perumahan Bumi Tegal Besar Blok 37 No. 47, Tegal Besar, Jember', '', 2860),
(961, 'Bagya Santoso', '0882553632', 'Jl. PB Sudirman Kompleks 38 No. 8, Kaliwates, Jember', '', 2861),
(962, 'Dr. Salimah Uwais, S.Sos', '0879182849', 'Jl. Raya Sultan Agung No. 48, Sumbersari, Jember', '', 2862),
(963, 'Olivia Najmudin', '0816387460', 'Perumahan Bumi Tegal Besar Blok 55 No. 44, Tegal Besar, Jember', '', 2863),
(964, 'Dr. Amelia Prasetya, S.H.', '0838777519', 'Jl. Gatot Subroto Gg. 8 RT/RW 03/02, Patrang, Jember', '', 2864),
(965, 'Elisa Dongoran, S.E.I', '0868418572', 'Jl. Gatot Subroto Gg. 7 RT/RW 03/02, Patrang, Jember', '', 2865),
(966, 'Luhung Pradana', '0813659701', 'Jl. Raya Sultan Agung No. 68, Sumbersari, Jember', '', 2866),
(967, 'Endah Puspasari', '0897295791', 'Jl. Ahmad Yani Perumahan 40 Blok 38, Sumbersari, Jember', '', 2867),
(968, 'Talia Adriansyah', '0853344038', 'Jl. PB Sudirman Kompleks 40 No. 19, Kaliwates, Jember', '', 2868),
(969, 'Ajeng Irawan', '0838007862', 'Jl. Gatot Subroto Gg. 20 RT/RW 03/02, Patrang, Jember', '', 2869),
(970, 'Lasmono Maheswara', '0818494408', 'Jl. PB Sudirman Kompleks 75 No. 8, Kaliwates, Jember', '', 2870),
(971, 'Kamal Hutagalung', '0845278650', 'Jl. Raya Sultan Agung No. 30, Sumbersari, Jember', '', 2871),
(972, 'Carla Maryati', '0852576627', 'Jl. PB Sudirman Kompleks 41 No. 49, Kaliwates, Jember', '', 2872),
(973, 'Eli Mahendra', '0851025840', 'Jl. Raya Sultan Agung No. 67, Sumbersari, Jember', '', 2873),
(974, 'Syahrini Budiman', '0850994065', 'Perumahan Bumi Tegal Besar Blok 63 No. 44, Tegal Besar, Jember', '', 2874),
(975, 'Titi Halimah', '0825562708', 'Jl. Gatot Subroto Gg. 91 RT/RW 03/02, Patrang, Jember', '', 2875),
(976, 'Tasnim Saptono', '0838857911', 'Jl. Gatot Subroto Gg. 89 RT/RW 03/02, Patrang, Jember', '', 2876),
(977, 'KH. Leo Wibowo', '0862571387', 'Jl. Ahmad Yani Perumahan 91 Blok 32, Sumbersari, Jember', '', 2877),
(978, 'Danuja Saputra', '0834235500', 'Jl. Raya Sultan Agung No. 42, Sumbersari, Jember', '', 2878),
(979, 'Fitriani Mansur, S.IP', '0882033166', 'Jl. PB Sudirman Kompleks 67 No. 4, Kaliwates, Jember', '', 2879),
(980, 'Jaka Tampubolon', '0851044600', 'Jl. PB Sudirman Kompleks 71 No. 30, Kaliwates, Jember', '', 2880),
(981, 'Cengkir Ardianto', '0864003396', 'Jl. PB Sudirman Kompleks 22 No. 2, Kaliwates, Jember', '', 2881),
(982, 'Karen Mansur', '0898815423', 'Perumahan Bumi Tegal Besar Blok 27 No. 19, Tegal Besar, Jember', '', 2882),
(983, 'Kezia Siregar', '0893293008', 'Jl. Raya Sultan Agung No. 22, Sumbersari, Jember', '', 2883),
(984, 'Padma Ramadan', '0814385385', 'Jl. PB Sudirman Kompleks 77 No. 41, Kaliwates, Jember', '', 2884),
(985, 'Arsipatra Firgantoro', '0876105631', 'Jl. Gatot Subroto Gg. 10 RT/RW 03/02, Patrang, Jember', '', 2885),
(986, 'Harjaya Pratama', '0864512779', 'Jl. Gatot Subroto Gg. 67 RT/RW 03/02, Patrang, Jember', '', 2886),
(987, 'Narji Pratiwi', '0837552685', 'Jl. PB Sudirman Kompleks 79 No. 43, Kaliwates, Jember', '', 2887),
(988, 'Fathonah Palastri', '0873271127', 'Jl. PB Sudirman Kompleks 8 No. 31, Kaliwates, Jember', '', 2888),
(989, 'Limar Kuswoyo', '0832085734', 'Jl. Ahmad Yani Perumahan 88 Blok 10, Sumbersari, Jember', '', 2889),
(990, 'Cut Malika Mahendra, S.Kom', '0889702748', 'Jl. PB Sudirman Kompleks 66 No. 26, Kaliwates, Jember', '', 2890),
(991, 'Nova Widiastuti', '0865407297', 'Jl. Ahmad Yani Perumahan 5 Blok 6, Sumbersari, Jember', '', 2891),
(992, 'drg. Uli Safitri', '0828629253', 'Jl. Gatot Subroto Gg. 30 RT/RW 03/02, Patrang, Jember', '', 2892),
(993, 'Dr. Langgeng Wahyudin, S.Ked', '0865548754', 'Jl. PB Sudirman Kompleks 89 No. 16, Kaliwates, Jember', '', 2893),
(994, 'dr. Murti Usada', '0815326637', 'Jl. PB Sudirman Kompleks 81 No. 2, Kaliwates, Jember', '', 2894),
(995, 'Emil Maryadi', '0868516889', 'Jl. Ahmad Yani Perumahan 32 Blok 17, Sumbersari, Jember', '', 2895),
(996, 'Cut Ayu Fujiati', '0875547636', 'Jl. Ahmad Yani Perumahan 30 Blok 49, Sumbersari, Jember', '', 2896),
(997, 'Kania Mayasari', '0865488751', 'Jl. Raya Sultan Agung No. 22, Sumbersari, Jember', '', 2897),
(998, 'Dodo Usamah', '0838541817', 'Perumahan Bumi Tegal Besar Blok 29 No. 8, Tegal Besar, Jember', '', 2898),
(1000, 'Drs. Jaswadi Anggraini, M.Ak', '0870968070', 'Jl. PB Sudirman Kompleks 63 No. 26, Kaliwates, Jember', '', 2900),
(1001, 'Ir. Jarwadi Hartati, S.Farm', '0873102304', 'Perumahan Bumi Tegal Besar Blok 46 No. 35, Tegal Besar, Jember', '', 2901),
(1003, 'Cawisono Nasyidah', '0854354250', 'Jl. Ahmad Yani Perumahan 50 Blok 18, Sumbersari, Jember', '', 2903),
(1004, 'Banara Kusmawati', '0869205209', 'Jl. Gatot Subroto Gg. 23 RT/RW 03/02, Patrang, Jember', '', 2904),
(1007, 'Fitriani Saefullah', '0882256438', 'Jl. Ahmad Yani Perumahan 31 Blok 11, Sumbersari, Jember', '', 2907),
(1009, 'Bagiya Susanti', '0865111846', 'Jl. Gatot Subroto Gg. 22 RT/RW 03/02, Patrang, Jember', '', 2909),
(1011, 'Vicky Mustofa', '0812078720', 'Perumahan Bumi Tegal Besar Blok 6 No. 15, Tegal Besar, Jember', '', 2911),
(1013, 'Hj. Kezia Samosir, M.Farm', '0893749336', 'Jl. PB Sudirman Kompleks 2 No. 40, Kaliwates, Jember', '', 2913),
(1014, 'Zulaikha Anggraini', '0847364692', 'Jl. Raya Sultan Agung No. 31, Sumbersari, Jember', '', 2914),
(1015, 'Zamira Budiyanto', '0857698938', 'Perumahan Bumi Tegal Besar Blok 67 No. 45, Tegal Besar, Jember', '', 2915),
(1016, 'Drs. Labuh Saefullah', '0823179241', 'Jl. Raya Sultan Agung No. 19, Sumbersari, Jember', '', 2916),
(1017, 'Iriana Uyainah', '0855386470', 'Jl. Ahmad Yani Perumahan 73 Blok 16, Sumbersari, Jember', '', 2917),
(1018, 'Gaman Wastuti', '0833914762', 'Jl. Gatot Subroto Gg. 78 RT/RW 03/02, Patrang, Jember', '', 2918),
(1019, 'Daniswara Namaga, S.Farm', '0865773998', 'Jl. Raya Sultan Agung No. 79, Sumbersari, Jember', '', 2919),
(1021, 'Okta Prasetyo', '0838342489', 'Jl. Ahmad Yani Perumahan 49 Blok 16, Sumbersari, Jember', '', 2921),
(1022, 'Darmana Kuswandari', '0897932040', 'Jl. Gatot Subroto Gg. 47 RT/RW 03/02, Patrang, Jember', '', 2922),
(1023, 'Endah Siregar', '0858391525', 'Jl. Raya Sultan Agung No. 97, Sumbersari, Jember', '', 2923),
(1024, 'Keisha Usamah', '0870604746', 'Jl. Ahmad Yani Perumahan 64 Blok 21, Sumbersari, Jember', '', 2924),
(1025, 'Kasiyah Budiman, S.Psi', '0891606604', 'Jl. Gatot Subroto Gg. 73 RT/RW 03/02, Patrang, Jember', '', 2925),
(1027, 'Yessi Kuswoyo', '0852057354', 'Jl. PB Sudirman Kompleks 22 No. 43, Kaliwates, Jember', '', 2927);
INSERT INTO `customer` (`Customer_ID`, `Nama`, `No_Hp`, `Alamat`, `keterangan`, `ID_Pesanan`) VALUES
(1028, 'Hj. Winda Setiawan', '0875434503', 'Jl. PB Sudirman Kompleks 57 No. 50, Kaliwates, Jember', '', 2928),
(1029, 'Novi Permadi, M.Pd', '0842812085', 'Jl. Raya Sultan Agung No. 17, Sumbersari, Jember', '', 2929),
(1030, 'Kenari Napitupulu', '0825477169', 'Jl. Gatot Subroto Gg. 16 RT/RW 03/02, Patrang, Jember', '', 2930),
(1031, 'Azalea Agustina, M.Farm', '0879276204', 'Perumahan Bumi Tegal Besar Blok 37 No. 12, Tegal Besar, Jember', '', 2931),
(1032, 'drg. Umay Nasyiah', '0873827919', 'Jl. PB Sudirman Kompleks 10 No. 36, Kaliwates, Jember', '', 2932),
(1033, 'Vega Pratiwi', '0867681407', 'Jl. Gatot Subroto Gg. 49 RT/RW 03/02, Patrang, Jember', '', 2933),
(1034, 'Rudi Marpaung', '0860335211', 'Jl. PB Sudirman Kompleks 75 No. 46, Kaliwates, Jember', '', 2934),
(1035, 'Dt. Ega Susanti', '0859582487', 'Jl. Raya Sultan Agung No. 90, Sumbersari, Jember', '', 2935),
(1036, 'Cakrabirawa Habibi', '0881688191', 'Jl. PB Sudirman Kompleks 28 No. 12, Kaliwates, Jember', '', 2936),
(1037, 'H. Makara Maryati, M.Ak', '0884629104', 'Perumahan Bumi Tegal Besar Blok 32 No. 5, Tegal Besar, Jember', '', 2937),
(1038, 'Aurora Adriansyah', '0819343894', 'Jl. PB Sudirman Kompleks 38 No. 10, Kaliwates, Jember', '', 2938),
(1040, 'Drs. Unjani Mahendra, S.H.', '0855933741', 'Jl. Gatot Subroto Gg. 9 RT/RW 03/02, Patrang, Jember', '', 2940),
(1041, 'Cut Wulan Nuraini', '0848949390', 'Perumahan Bumi Tegal Besar Blok 2 No. 38, Tegal Besar, Jember', '', 2941),
(1042, 'Gina Padmasari', '0846948742', 'Jl. PB Sudirman Kompleks 52 No. 17, Kaliwates, Jember', '', 2942),
(1043, 'Among Pradipta', '0836461939', 'Jl. Raya Sultan Agung No. 26, Sumbersari, Jember', '', 2943),
(1044, 'Rahayu Prasasta', '0873392536', 'Perumahan Bumi Tegal Besar Blok 81 No. 44, Tegal Besar, Jember', '', 2944),
(1045, 'Embuh Mardhiyah', '0838146574', 'Jl. Gatot Subroto Gg. 65 RT/RW 03/02, Patrang, Jember', '', 2945),
(1046, 'Karen Sudiati', '0878325387', 'Jl. PB Sudirman Kompleks 9 No. 2, Kaliwates, Jember', '', 2946),
(1048, 'Elma Halimah, S.I.Kom', '0884829937', 'Perumahan Bumi Tegal Besar Blok 5 No. 35, Tegal Besar, Jember', '', 2948),
(1049, 'Olivia Hastuti', '0822482898', 'Jl. Gatot Subroto Gg. 46 RT/RW 03/02, Patrang, Jember', '', 2949),
(1050, 'Rini Waluyo', '0892772426', 'Jl. PB Sudirman Kompleks 95 No. 43, Kaliwates, Jember', '', 2950),
(1052, 'Ir. Dipa Sihombing', '0815371677', 'Perumahan Bumi Tegal Besar Blok 18 No. 17, Tegal Besar, Jember', '', 2952),
(1055, 'Hj. Nabila Laksmiwati, M.Kom.', '0811412563', 'Jl. Raya Sultan Agung No. 52, Sumbersari, Jember', '', 2955),
(1056, 'Wage Usamah', '0868233315', 'Perumahan Bumi Tegal Besar Blok 26 No. 27, Tegal Besar, Jember', '', 2956),
(1057, 'Satya Sirait', '0855801983', 'Jl. Gatot Subroto Gg. 22 RT/RW 03/02, Patrang, Jember', '', 2957),
(1059, 'Umar Nurdiyanti', '0831631434', 'Jl. Raya Sultan Agung No. 27, Sumbersari, Jember', '', 2959),
(1060, 'Karimah Safitri', '0818349684', 'Jl. Ahmad Yani Perumahan 54 Blok 47, Sumbersari, Jember', '', 2960),
(1061, 'Emil Pratama', '0843385963', 'Perumahan Bumi Tegal Besar Blok 41 No. 19, Tegal Besar, Jember', '', 2961),
(1062, 'Halima Thamrin', '0889587057', 'Jl. Gatot Subroto Gg. 15 RT/RW 03/02, Patrang, Jember', '', 2962),
(1063, 'Ir. Qori Andriani', '0833999098', 'Jl. PB Sudirman Kompleks 70 No. 5, Kaliwates, Jember', '', 2963),
(1065, 'Heryanto Narpati', '0874907332', 'Jl. PB Sudirman Kompleks 62 No. 2, Kaliwates, Jember', '', 2965),
(1066, 'Baktiono Astuti', '0852274066', 'Jl. Gatot Subroto Gg. 46 RT/RW 03/02, Patrang, Jember', '', 2966),
(1067, 'Ir. Safina Firgantoro, S.E.', '0866059227', 'Jl. PB Sudirman Kompleks 66 No. 28, Kaliwates, Jember', '', 2967),
(1068, 'Yani Waluyo', '0819798016', 'Jl. PB Sudirman Kompleks 63 No. 26, Kaliwates, Jember', '', 2968),
(1069, 'Cinta Setiawan', '0864902019', 'Jl. Raya Sultan Agung No. 41, Sumbersari, Jember', '', 2969),
(1070, 'Raden Mulyani', '0870537867', 'Jl. Gatot Subroto Gg. 47 RT/RW 03/02, Patrang, Jember', '', 2970),
(1071, 'Faizah Wacana, S.Psi', '0863944508', 'Jl. Ahmad Yani Perumahan 25 Blok 40, Sumbersari, Jember', '', 2971),
(1073, 'Endah Farida, S.Sos', '0832695479', 'Jl. PB Sudirman Kompleks 43 No. 25, Kaliwates, Jember', '', 2973),
(1074, 'Najwa Wahyuni', '0827616214', 'Perumahan Bumi Tegal Besar Blok 96 No. 16, Tegal Besar, Jember', '', 2974),
(1075, 'Laswi Dongoran, M.M.', '0896487104', 'Jl. PB Sudirman Kompleks 4 No. 49, Kaliwates, Jember', '', 2975),
(1076, 'Eluh Yolanda', '0817325911', 'Jl. Gatot Subroto Gg. 52 RT/RW 03/02, Patrang, Jember', '', 2976),
(1077, 'Jayeng Mandala', '0896995309', 'Perumahan Bumi Tegal Besar Blok 21 No. 38, Tegal Besar, Jember', '', 2977),
(1078, 'Gamblang Pudjiastuti', '0889823073', 'Jl. Gatot Subroto Gg. 90 RT/RW 03/02, Patrang, Jember', '', 2978),
(1079, 'Lidya Pratiwi', '0811268069', 'Jl. PB Sudirman Kompleks 8 No. 3, Kaliwates, Jember', '', 2979),
(1080, 'Gaiman Hardiansyah', '0856079072', 'Jl. PB Sudirman Kompleks 74 No. 33, Kaliwates, Jember', '', 2980),
(1081, 'Kania Mardhiyah', '0832709385', 'Jl. PB Sudirman Kompleks 29 No. 45, Kaliwates, Jember', '', 2981),
(1082, 'Drs. Jelita Saptono, S.Psi', '0880472555', 'Jl. Raya Sultan Agung No. 30, Sumbersari, Jember', '', 2982),
(1083, 'Karsa Lailasari', '0846814103', 'Jl. Raya Sultan Agung No. 22, Sumbersari, Jember', '', 2983),
(1084, 'Prakosa Rahimah', '0814256944', 'Jl. PB Sudirman Kompleks 19 No. 9, Kaliwates, Jember', '', 2984),
(1085, 'Talia Puspasari', '0898706372', 'Perumahan Bumi Tegal Besar Blok 54 No. 29, Tegal Besar, Jember', '', 2985),
(1086, 'Sari Lazuardi', '0881662022', 'Jl. PB Sudirman Kompleks 29 No. 50, Kaliwates, Jember', '', 2986),
(1087, 'Margana Narpati', '0865877386', 'Perumahan Bumi Tegal Besar Blok 23 No. 42, Tegal Besar, Jember', '', 2987),
(1089, 'dr. Padmi Nababan, S.I.Kom', '0866366271', 'Perumahan Bumi Tegal Besar Blok 95 No. 21, Tegal Besar, Jember', '', 2989),
(1090, 'drg. Cornelia Palastri, S.Ked', '0855845254', 'Jl. Gatot Subroto Gg. 77 RT/RW 03/02, Patrang, Jember', '', 2990),
(1092, 'Shania Saragih', '0840792636', 'Jl. Gatot Subroto Gg. 80 RT/RW 03/02, Patrang, Jember', '', 2992),
(1094, 'drg. Rachel Padmasari, S.Kom', '0862387402', 'Jl. Gatot Subroto Gg. 85 RT/RW 03/02, Patrang, Jember', '', 2994),
(1095, 'Danang Halimah', '0876939855', 'Jl. Gatot Subroto Gg. 24 RT/RW 03/02, Patrang, Jember', '', 2995),
(1096, 'Danu Latupono', '0874203844', 'Jl. Ahmad Yani Perumahan 25 Blok 25, Sumbersari, Jember', '', 2996),
(1097, 'Kala Nainggolan', '0822354642', 'Jl. Gatot Subroto Gg. 61 RT/RW 03/02, Patrang, Jember', '', 2997),
(1098, 'Carla Hardiansyah, S.Psi', '0877332923', 'Jl. PB Sudirman Kompleks 46 No. 41, Kaliwates, Jember', '', 2998),
(1099, 'R.M. Adinata Hardiansyah', '0820754394', 'Jl. Raya Sultan Agung No. 15, Sumbersari, Jember', '', 2999),
(1100, 'Jayadi Rahmawati, S.Farm', '0827379228', 'Jl. Ahmad Yani Perumahan 96 Blok 21, Sumbersari, Jember', '', 3000),
(1101, 'ainur', '085105711511', 'jl. diponerogo no.76', '', 3001),
(1102, 'ainur fadlan', '085105711511', 'jl. diponerogo', '', 3002),
(1104, 'ghioza hima', '089655136444', 'jl. mastrip', '', 3004),
(1105, 'sholahuddin', '089522685360', 'Jl. Raya Sultan Agung No. 98, Sumbersari, Jember', '', 3005),
(1106, 'ahmad bintang', '085669667584', 'Jl. Gatot Subroto Gg. 90 RT/RW 03/02, Patrang, Jember', '', 3006),
(1107, 'muhammad aqli', '+62 878-5957-1681', 'Jl. Raya Sultan Agung No. 56, Sumbersari, Jember', '', 3007),
(1108, 'dara juita', '082332789188', 'Jl. Gatot Subroto Gg. 90 RT/RW 03/02, Patrang, Jember', '', 3008),
(1109, 'Rahadian Umar Saed', '081235614020', 'Jl. Ahmad Yani Perumahan 33 Blok 45, Sumbersari, Jember', '', 3009);

-- --------------------------------------------------------

--
-- Struktur dari tabel `detail_pesanan`
--

CREATE TABLE `detail_pesanan` (
  `ID_Pesanan` int NOT NULL,
  `Customer_ID` int NOT NULL,
  `Pembayaran_ID` varchar(255) CHARACTER SET utf8mb4 COLLATE utf8mb4_general_ci NOT NULL,
  `Treatment_ID` varchar(11) CHARACTER SET utf8mb4 COLLATE utf8mb4_general_ci NOT NULL
) ENGINE=InnoDB DEFAULT CHARSET=utf8mb4 COLLATE=utf8mb4_general_ci;

--
-- Dumping data untuk tabel `detail_pesanan`
--

INSERT INTO `detail_pesanan` (`ID_Pesanan`, `Customer_ID`, `Pembayaran_ID`, `Treatment_ID`) VALUES
(2001, 101, 'PM2001', 'TM002'),
(2002, 102, 'PM2002', 'TM001'),
(2003, 103, 'PM2003', 'TM008'),
(2004, 104, 'PM2004', 'TM001'),
(2005, 105, 'PM2005', 'TM004'),
(2006, 106, 'PM2006', 'TM005'),
(2007, 107, 'PM2007', 'TM008'),
(2008, 108, 'PM2008', 'TM001'),
(2009, 109, 'PM2009', 'TM005'),
(2010, 110, 'PM2010', 'TM002'),
(2011, 111, 'PM2011', 'TM001'),
(2012, 112, 'PM2012', 'TM005'),
(2013, 113, 'PM2013', 'TM002'),
(2014, 114, 'PM2014', 'TM008'),
(2015, 115, 'PM2015', 'TM001'),
(2016, 116, 'PM2016', 'TM004'),
(2017, 117, 'PM2017', 'TM006'),
(2018, 118, 'PM2018', 'TM007'),
(2019, 119, 'PM2019', 'TM005'),
(2020, 120, 'PM2020', 'TM002'),
(2021, 121, 'PM2021', 'TM008'),
(2022, 122, 'PM2022', 'TM006'),
(2023, 123, 'PM2023', 'TM004'),
(2024, 124, 'PM2024', 'TM002'),
(2025, 125, 'PM2025', 'TM001');

-- --------------------------------------------------------

--
-- Struktur dari tabel `invoice`
--

CREATE TABLE `invoice` (
  `ID_Invoice` int NOT NULL,
  `Customer_ID` int NOT NULL,
  `ID_Pesanan` int NOT NULL,
  `Pembayaran_ID` varchar(255) CHARACTER SET utf8mb4 COLLATE utf8mb4_general_ci NOT NULL,
  `Treatment_ID` varchar(11) CHARACTER SET utf8mb4 COLLATE utf8mb4_general_ci NOT NULL
) ENGINE=InnoDB DEFAULT CHARSET=utf8mb4 COLLATE=utf8mb4_general_ci;

-- --------------------------------------------------------

--
-- Struktur dari tabel `pembayaran`
--

CREATE TABLE `pembayaran` (
  `Pembayaran_ID` varchar(255) CHARACTER SET utf8mb4 COLLATE utf8mb4_general_ci NOT NULL,
  `ID_Pesanan` int NOT NULL,
  `Tanggal_Pembayaran` date NOT NULL,
  `Metode_Pembayaran` enum('COD','QRIS') CHARACTER SET utf8mb4 COLLATE utf8mb4_general_ci NOT NULL,
  `Total_Tagihan` decimal(10,0) NOT NULL
) ENGINE=InnoDB DEFAULT CHARSET=utf8mb4 COLLATE=utf8mb4_general_ci;

--
-- Dumping data untuk tabel `pembayaran`
--

INSERT INTO `pembayaran` (`Pembayaran_ID`, `ID_Pesanan`, `Tanggal_Pembayaran`, `Metode_Pembayaran`, `Total_Tagihan`) VALUES
('PM2001', 2001, '2024-01-29', 'QRIS', 15000),
('PM2002', 2002, '2024-01-27', 'COD', 20000),
('PM2003', 2003, '2024-01-11', 'COD', 35000),
('PM2004', 2004, '2024-01-25', 'QRIS', 20000),
('PM2005', 2005, '2024-01-20', 'COD', 90000),
('PM2006', 2006, '2024-01-28', 'COD', 40000),
('PM2007', 2007, '2024-01-20', 'QRIS', 35000),
('PM2008', 2008, '2024-01-12', 'QRIS', 20000),
('PM2009', 2009, '2024-01-18', 'QRIS', 40000),
('PM2010', 2010, '2024-01-04', 'COD', 15000),
('PM2011', 2011, '2024-01-25', 'COD', 20000),
('PM2012', 2012, '2024-01-15', 'COD', 40000),
('PM2013', 2013, '2024-01-09', 'QRIS', 15000),
('PM2014', 2014, '2024-01-22', 'QRIS', 35000),
('PM2015', 2015, '2024-01-31', 'QRIS', 20000),
('PM2016', 2016, '2024-01-31', 'QRIS', 90000),
('PM2017', 2017, '2024-01-07', 'QRIS', 35000),
('PM2018', 2018, '2024-01-20', 'QRIS', 35000),
('PM2019', 2019, '2024-01-17', 'QRIS', 40000),
('PM2020', 2020, '2024-01-26', 'COD', 15000),
('PM2021', 2021, '2024-01-12', 'QRIS', 35000),
('PM2022', 2022, '2024-01-15', 'COD', 35000),
('PM2023', 2023, '2024-01-30', 'QRIS', 90000),
('PM2024', 2024, '2024-01-08', 'QRIS', 15000),
('PM2025', 2025, '2024-01-08', 'QRIS', 20000),
('PM2026', 2026, '2024-01-23', 'QRIS', 90000),
('PM2027', 2027, '2024-01-11', 'QRIS', 35000),
('PM2028', 2028, '2024-01-26', 'QRIS', 90000),
('PM2029', 2029, '2024-01-08', 'COD', 35000),
('PM2030', 2030, '2024-01-10', 'COD', 15000),
('PM2031', 2031, '2024-01-02', 'COD', 35000),
('PM2032', 2032, '2024-01-19', 'COD', 35000),
('PM2033', 2033, '2024-01-11', 'COD', 90000),
('PM2034', 2034, '2024-01-11', 'COD', 15000),
('PM2035', 2035, '2024-01-20', 'COD', 90000),
('PM2036', 2036, '2024-01-26', 'QRIS', 20000),
('PM2037', 2037, '2024-01-19', 'COD', 35000),
('PM2038', 2038, '2024-01-02', 'COD', 15000),
('PM2039', 2039, '2024-01-27', 'COD', 35000),
('PM2040', 2040, '2024-01-31', 'COD', 35000),
('PM2041', 2041, '2024-01-08', 'COD', 35000),
('PM2042', 2042, '2024-01-01', 'COD', 45000),
('PM2043', 2043, '2024-01-08', 'QRIS', 90000),
('PM2044', 2044, '2024-01-18', 'QRIS', 90000),
('PM2045', 2045, '2024-01-15', 'QRIS', 90000),
('PM2046', 2046, '2024-01-31', 'COD', 35000),
('PM2047', 2047, '2024-01-26', 'COD', 90000),
('PM2048', 2048, '2024-01-08', 'QRIS', 20000),
('PM2049', 2049, '2024-01-14', 'COD', 15000),
('PM2050', 2050, '2024-01-11', 'COD', 35000),
('PM2051', 2051, '2024-01-04', 'COD', 40000),
('PM2052', 2052, '2024-01-10', 'QRIS', 35000),
('PM2053', 2053, '2024-01-29', 'COD', 40000),
('PM2054', 2054, '2024-01-13', 'QRIS', 45000),
('PM2055', 2055, '2024-01-30', 'COD', 90000),
('PM2056', 2056, '2024-01-04', 'QRIS', 20000),
('PM2057', 2057, '2024-01-27', 'COD', 15000),
('PM2058', 2058, '2024-01-16', 'COD', 35000),
('PM2059', 2059, '2024-01-31', 'QRIS', 90000),
('PM2060', 2060, '2024-01-06', 'QRIS', 90000),
('PM2061', 2061, '2024-01-29', 'QRIS', 35000),
('PM2062', 2062, '2024-01-12', 'COD', 35000),
('PM2063', 2063, '2024-01-12', 'QRIS', 35000),
('PM2064', 2064, '2024-01-24', 'QRIS', 15000),
('PM2065', 2065, '2024-01-23', 'QRIS', 40000),
('PM2066', 2066, '2024-01-02', 'QRIS', 35000),
('PM2067', 2067, '2024-01-15', 'QRIS', 15000),
('PM2068', 2068, '2024-01-31', 'QRIS', 40000),
('PM2069', 2069, '2024-01-23', 'QRIS', 45000),
('PM2070', 2070, '2024-01-15', 'COD', 90000),
('PM2071', 2071, '2024-01-10', 'QRIS', 35000),
('PM2072', 2072, '2024-01-25', 'COD', 40000),
('PM2073', 2073, '2024-01-19', 'QRIS', 35000),
('PM2074', 2074, '2024-01-05', 'QRIS', 40000),
('PM2075', 2075, '2024-01-17', 'COD', 35000),
('PM2076', 2076, '2024-01-29', 'COD', 35000),
('PM2077', 2077, '2024-01-03', 'COD', 20000),
('PM2078', 2078, '2024-01-05', 'COD', 15000),
('PM2079', 2079, '2024-01-31', 'COD', 40000),
('PM2080', 2080, '2024-01-30', 'COD', 35000),
('PM2081', 2081, '2024-01-10', 'COD', 90000),
('PM2082', 2082, '2024-01-26', 'COD', 90000),
('PM2083', 2083, '2024-01-11', 'COD', 45000),
('PM2084', 2084, '2024-01-17', 'QRIS', 45000),
('PM2085', 2085, '2024-01-20', 'COD', 35000),
('PM2086', 2086, '2024-01-17', 'COD', 90000),
('PM2087', 2087, '2024-01-12', 'QRIS', 90000),
('PM2088', 2088, '2024-01-19', 'QRIS', 40000),
('PM2089', 2089, '2024-01-09', 'COD', 90000),
('PM2090', 2090, '2024-01-07', 'QRIS', 35000),
('PM2091', 2091, '2024-01-09', 'QRIS', 90000),
('PM2092', 2092, '2024-01-13', 'QRIS', 35000),
('PM2093', 2093, '2024-01-06', 'COD', 40000),
('PM2094', 2094, '2024-01-03', 'QRIS', 40000),
('PM2095', 2095, '2024-01-08', 'QRIS', 45000),
('PM2096', 2096, '2024-01-31', 'QRIS', 35000),
('PM2097', 2097, '2024-01-13', 'QRIS', 20000),
('PM2098', 2098, '2024-01-25', 'QRIS', 20000),
('PM2099', 2099, '2024-01-01', 'COD', 45000),
('PM2100', 2100, '2024-01-10', 'COD', 35000),
('PM2101', 2101, '2024-01-28', 'QRIS', 35000),
('PM2102', 2102, '2024-01-09', 'QRIS', 35000),
('PM2103', 2103, '2024-01-07', 'QRIS', 90000),
('PM2104', 2104, '2024-01-24', 'QRIS', 20000),
('PM2105', 2105, '2024-01-12', 'COD', 35000),
('PM2106', 2106, '2024-01-02', 'COD', 35000),
('PM2107', 2107, '2024-01-15', 'COD', 45000),
('PM2108', 2108, '2024-01-25', 'QRIS', 35000),
('PM2109', 2109, '2024-01-17', 'COD', 35000),
('PM2110', 2110, '2024-02-12', 'COD', 35000),
('PM2111', 2111, '2024-03-01', 'QRIS', 20000),
('PM2112', 2112, '2024-02-14', 'QRIS', 20000),
('PM2113', 2113, '2024-03-02', 'COD', 90000),
('PM2114', 2114, '2024-03-01', 'QRIS', 45000),
('PM2115', 2115, '2024-02-10', 'COD', 40000),
('PM2116', 2116, '2024-02-29', 'QRIS', 35000),
('PM2117', 2117, '2024-02-21', 'COD', 15000),
('PM2118', 2118, '2024-02-29', 'COD', 90000),
('PM2119', 2119, '2024-02-15', 'QRIS', 15000),
('PM2120', 2120, '2024-02-13', 'COD', 15000),
('PM2121', 2121, '2024-03-01', 'QRIS', 15000),
('PM2122', 2122, '2024-02-26', 'COD', 90000),
('PM2123', 2123, '2024-02-21', 'COD', 90000),
('PM2124', 2124, '2024-02-24', 'QRIS', 45000),
('PM2125', 2125, '2024-02-18', 'QRIS', 35000),
('PM2126', 2126, '2024-02-26', 'QRIS', 40000),
('PM2127', 2127, '2024-02-20', 'COD', 35000),
('PM2128', 2128, '2024-02-21', 'QRIS', 45000),
('PM2129', 2129, '2024-02-19', 'QRIS', 45000),
('PM2130', 2130, '2024-02-02', 'QRIS', 35000),
('PM2131', 2131, '2024-02-23', 'COD', 20000),
('PM2132', 2132, '2024-03-01', 'COD', 45000),
('PM2133', 2133, '2024-02-15', 'QRIS', 35000),
('PM2134', 2134, '2024-02-02', 'COD', 35000),
('PM2135', 2135, '2024-02-01', 'QRIS', 20000),
('PM2136', 2136, '2024-02-03', 'COD', 35000),
('PM2137', 2137, '2024-03-01', 'QRIS', 45000),
('PM2138', 2138, '2024-02-21', 'COD', 45000),
('PM2139', 2139, '2024-02-07', 'COD', 35000),
('PM2140', 2140, '2024-02-08', 'COD', 45000),
('PM2141', 2141, '2024-03-01', 'COD', 35000),
('PM2142', 2142, '2024-02-03', 'QRIS', 15000),
('PM2143', 2143, '2024-02-17', 'QRIS', 40000),
('PM2144', 2144, '2024-02-27', 'COD', 40000),
('PM2145', 2145, '2024-02-20', 'QRIS', 90000),
('PM2146', 2146, '2024-03-01', 'COD', 45000),
('PM2147', 2147, '2024-03-01', 'COD', 40000),
('PM2148', 2148, '2024-02-16', 'QRIS', 35000),
('PM2149', 2149, '2024-02-03', 'COD', 15000),
('PM2150', 2150, '2024-02-19', 'QRIS', 15000),
('PM2151', 2151, '2024-02-14', 'COD', 35000),
('PM2152', 2152, '2024-02-27', 'QRIS', 35000),
('PM2153', 2153, '2024-02-20', 'COD', 90000),
('PM2154', 2154, '2024-02-25', 'QRIS', 90000),
('PM2155', 2155, '2024-02-16', 'COD', 15000),
('PM2156', 2156, '2024-02-14', 'QRIS', 20000),
('PM2157', 2157, '2024-02-01', 'COD', 35000),
('PM2158', 2158, '2024-02-29', 'COD', 15000),
('PM2159', 2159, '2024-02-09', 'QRIS', 40000),
('PM2160', 2160, '2024-02-01', 'COD', 45000),
('PM2161', 2161, '2024-03-01', 'QRIS', 35000),
('PM2162', 2162, '2024-02-21', 'QRIS', 45000),
('PM2163', 2163, '2024-02-21', 'COD', 90000),
('PM2164', 2164, '2024-02-04', 'QRIS', 15000),
('PM2165', 2165, '2024-02-27', 'COD', 20000),
('PM2166', 2166, '2024-02-16', 'COD', 35000),
('PM2167', 2167, '2024-02-27', 'COD', 40000),
('PM2168', 2168, '2024-02-10', 'QRIS', 15000),
('PM2169', 2169, '2024-02-20', 'COD', 15000),
('PM2170', 2170, '2024-03-01', 'QRIS', 35000),
('PM2171', 2171, '2024-02-12', 'COD', 15000),
('PM2172', 2172, '2024-02-09', 'QRIS', 45000),
('PM2173', 2173, '2024-02-27', 'QRIS', 40000),
('PM2174', 2174, '2024-02-08', 'COD', 15000),
('PM2175', 2175, '2024-02-05', 'QRIS', 90000),
('PM2176', 2176, '2024-02-09', 'QRIS', 90000),
('PM2177', 2177, '2024-02-21', 'QRIS', 20000),
('PM2178', 2178, '2024-02-17', 'QRIS', 20000),
('PM2179', 2179, '2024-02-28', 'COD', 90000),
('PM2180', 2180, '2024-02-05', 'QRIS', 35000),
('PM2181', 2181, '2024-02-01', 'COD', 45000),
('PM2182', 2182, '2024-02-25', 'COD', 20000),
('PM2183', 2183, '2024-02-15', 'COD', 35000),
('PM2184', 2184, '2024-02-10', 'QRIS', 15000),
('PM2185', 2185, '2024-02-27', 'QRIS', 35000),
('PM2186', 2186, '2024-02-19', 'QRIS', 35000),
('PM2187', 2187, '2024-02-02', 'COD', 20000),
('PM2188', 2188, '2024-02-28', 'COD', 35000),
('PM2189', 2189, '2024-02-18', 'QRIS', 45000),
('PM2190', 2190, '2024-02-02', 'COD', 20000),
('PM2191', 2191, '2024-02-08', 'QRIS', 45000),
('PM2192', 2192, '2024-02-24', 'COD', 20000),
('PM2193', 2193, '2024-02-29', 'COD', 35000),
('PM2194', 2194, '2024-02-24', 'QRIS', 40000),
('PM2195', 2195, '2024-02-20', 'QRIS', 90000),
('PM2196', 2196, '2024-02-15', 'COD', 20000),
('PM2197', 2197, '2024-02-21', 'QRIS', 45000),
('PM2198', 2198, '2024-02-14', 'COD', 40000),
('PM2199', 2199, '2024-02-17', 'COD', 35000),
('PM2200', 2200, '2024-02-24', 'COD', 35000),
('PM2201', 2201, '2024-02-05', 'COD', 20000),
('PM2202', 2202, '2024-02-10', 'QRIS', 20000),
('PM2203', 2203, '2024-02-09', 'QRIS', 35000),
('PM2204', 2204, '2024-02-18', 'QRIS', 20000),
('PM2205', 2205, '2024-02-21', 'COD', 15000),
('PM2206', 2206, '2024-02-23', 'QRIS', 35000),
('PM2207', 2207, '2024-02-18', 'COD', 45000),
('PM2208', 2208, '2024-02-05', 'COD', 45000),
('PM2209', 2209, '2024-02-28', 'COD', 35000),
('PM2210', 2210, '2024-02-29', 'QRIS', 40000),
('PM2211', 2211, '2024-02-03', 'QRIS', 40000),
('PM2212', 2212, '2024-02-21', 'COD', 35000),
('PM2213', 2213, '2024-02-12', 'QRIS', 45000),
('PM2214', 2214, '2024-02-11', 'COD', 35000),
('PM2215', 2215, '2024-03-02', 'COD', 15000),
('PM2216', 2216, '2024-02-04', 'QRIS', 20000),
('PM2217', 2217, '2024-02-21', 'QRIS', 35000),
('PM2218', 2218, '2024-02-17', 'QRIS', 90000),
('PM2219', 2219, '2024-03-01', 'COD', 90000),
('PM2220', 2220, '2024-03-13', 'QRIS', 35000),
('PM2221', 2221, '2024-03-18', 'COD', 45000),
('PM2222', 2222, '2024-03-03', 'COD', 35000),
('PM2223', 2223, '2024-03-07', 'COD', 15000),
('PM2224', 2224, '2024-03-06', 'QRIS', 20000),
('PM2225', 2225, '2024-03-02', 'COD', 45000),
('PM2226', 2226, '2024-03-30', 'QRIS', 35000),
('PM2227', 2227, '2024-03-02', 'COD', 45000),
('PM2228', 2228, '2024-03-11', 'COD', 20000),
('PM2229', 2229, '2024-03-13', 'QRIS', 15000),
('PM2230', 2230, '2024-03-17', 'QRIS', 15000),
('PM2231', 2231, '2024-03-11', 'QRIS', 40000),
('PM2232', 2232, '2024-03-25', 'COD', 90000),
('PM2233', 2233, '2024-03-06', 'COD', 20000),
('PM2234', 2234, '2024-03-07', 'QRIS', 15000),
('PM2235', 2235, '2024-03-17', 'COD', 35000),
('PM2236', 2236, '2024-03-20', 'QRIS', 45000),
('PM2237', 2237, '2024-03-04', 'COD', 15000),
('PM2238', 2238, '2024-03-28', 'QRIS', 15000),
('PM2239', 2239, '2024-03-25', 'COD', 35000),
('PM2240', 2240, '2024-03-31', 'QRIS', 35000),
('PM2241', 2241, '2024-03-22', 'QRIS', 35000),
('PM2242', 2242, '2024-03-22', 'QRIS', 35000),
('PM2243', 2243, '2024-03-05', 'QRIS', 35000),
('PM2244', 2244, '2024-03-02', 'COD', 35000),
('PM2245', 2245, '2024-03-10', 'QRIS', 40000),
('PM2246', 2246, '2024-03-12', 'QRIS', 35000),
('PM2247', 2247, '2024-03-13', 'QRIS', 20000),
('PM2248', 2248, '2024-03-26', 'QRIS', 35000),
('PM2249', 2249, '2024-03-11', 'QRIS', 45000),
('PM2250', 2250, '2024-03-08', 'COD', 15000),
('PM2251', 2251, '2024-03-30', 'QRIS', 20000),
('PM2252', 2252, '2024-03-05', 'QRIS', 45000),
('PM2253', 2253, '2024-03-28', 'QRIS', 90000),
('PM2254', 2254, '2024-03-16', 'QRIS', 45000),
('PM2255', 2255, '2024-03-01', 'COD', 20000),
('PM2256', 2256, '2024-03-16', 'QRIS', 40000),
('PM2257', 2257, '2024-03-22', 'COD', 20000),
('PM2258', 2258, '2024-03-22', 'QRIS', 40000),
('PM2259', 2259, '2024-03-04', 'COD', 20000),
('PM2260', 2260, '2024-03-14', 'QRIS', 35000),
('PM2261', 2261, '2024-03-23', 'COD', 15000),
('PM2262', 2262, '2024-03-10', 'QRIS', 40000),
('PM2263', 2263, '2024-03-19', 'QRIS', 35000),
('PM2264', 2264, '2024-03-21', 'QRIS', 45000),
('PM2265', 2265, '2024-03-18', 'COD', 90000),
('PM2266', 2266, '2024-03-19', 'QRIS', 35000),
('PM2267', 2267, '2024-03-16', 'QRIS', 90000),
('PM2268', 2268, '2024-03-31', 'COD', 45000),
('PM2269', 2269, '2024-03-09', 'COD', 45000),
('PM2270', 2270, '2024-03-01', 'COD', 40000),
('PM2271', 2271, '2024-03-28', 'QRIS', 35000),
('PM2272', 2272, '2024-03-21', 'COD', 35000),
('PM2273', 2273, '2024-03-17', 'QRIS', 45000),
('PM2274', 2274, '2024-03-30', 'COD', 35000),
('PM2275', 2275, '2024-03-16', 'QRIS', 35000),
('PM2276', 2276, '2024-03-26', 'COD', 35000),
('PM2277', 2277, '2024-03-16', 'QRIS', 45000),
('PM2278', 2278, '2024-03-23', 'COD', 35000),
('PM2279', 2279, '2024-03-14', 'COD', 90000),
('PM2280', 2280, '2024-03-02', 'COD', 45000),
('PM2281', 2281, '2024-03-06', 'COD', 20000),
('PM2282', 2282, '2024-03-24', 'COD', 15000),
('PM2283', 2283, '2024-03-03', 'COD', 15000),
('PM2284', 2284, '2024-03-19', 'COD', 35000),
('PM2285', 2285, '2024-03-28', 'QRIS', 35000),
('PM2286', 2286, '2024-03-14', 'QRIS', 90000),
('PM2287', 2287, '2024-03-02', 'QRIS', 35000),
('PM2288', 2288, '2024-03-18', 'COD', 45000),
('PM2289', 2289, '2024-03-03', 'QRIS', 45000),
('PM2290', 2290, '2024-03-16', 'COD', 40000),
('PM2291', 2291, '2024-03-05', 'QRIS', 90000),
('PM2292', 2292, '2024-03-05', 'COD', 35000),
('PM2293', 2293, '2024-03-20', 'COD', 35000),
('PM2294', 2294, '2024-03-26', 'COD', 35000),
('PM2295', 2295, '2024-03-01', 'QRIS', 35000),
('PM2296', 2296, '2024-03-07', 'QRIS', 35000),
('PM2297', 2297, '2024-03-16', 'COD', 15000),
('PM2298', 2298, '2024-03-05', 'COD', 35000),
('PM2299', 2299, '2024-03-07', 'QRIS', 35000),
('PM2300', 2300, '2024-03-28', 'COD', 45000),
('PM2301', 2301, '2024-03-30', 'COD', 40000),
('PM2302', 2302, '2024-03-17', 'COD', 45000),
('PM2303', 2303, '2024-03-13', 'COD', 45000),
('PM2304', 2304, '2024-03-24', 'COD', 20000),
('PM2305', 2305, '2024-03-07', 'QRIS', 40000),
('PM2306', 2306, '2024-03-23', 'COD', 90000),
('PM2307', 2307, '2024-03-24', 'QRIS', 15000),
('PM2308', 2308, '2024-03-19', 'QRIS', 40000),
('PM2309', 2309, '2024-03-11', 'COD', 35000),
('PM2310', 2310, '2024-03-07', 'COD', 90000),
('PM2311', 2311, '2024-03-31', 'QRIS', 90000),
('PM2312', 2312, '2024-03-05', 'COD', 35000),
('PM2313', 2313, '2024-03-17', 'QRIS', 15000),
('PM2314', 2314, '2024-03-30', 'QRIS', 35000),
('PM2315', 2315, '2024-03-30', 'QRIS', 90000),
('PM2316', 2316, '2024-03-30', 'COD', 35000),
('PM2317', 2317, '2024-03-12', 'COD', 35000),
('PM2318', 2318, '2024-03-25', 'QRIS', 20000),
('PM2319', 2319, '2024-03-10', 'QRIS', 20000),
('PM2320', 2320, '2024-03-10', 'QRIS', 45000),
('PM2321', 2321, '2024-03-31', 'COD', 35000),
('PM2322', 2322, '2024-03-19', 'QRIS', 20000),
('PM2323', 2323, '2024-03-08', 'QRIS', 90000),
('PM2324', 2324, '2024-03-25', 'QRIS', 35000),
('PM2325', 2325, '2024-03-01', 'QRIS', 35000),
('PM2326', 2326, '2024-03-30', 'COD', 35000),
('PM2327', 2327, '2024-03-06', 'COD', 45000),
('PM2328', 2328, '2024-04-17', 'COD', 90000),
('PM2329', 2329, '2024-04-13', 'COD', 15000),
('PM2330', 2330, '2024-04-24', 'QRIS', 15000),
('PM2331', 2331, '2024-04-12', 'COD', 45000),
('PM2332', 2332, '2024-04-18', 'QRIS', 20000),
('PM2333', 2333, '2024-04-09', 'QRIS', 90000),
('PM2334', 2334, '2024-04-14', 'QRIS', 20000),
('PM2335', 2335, '2024-04-30', 'QRIS', 35000),
('PM2336', 2336, '2024-04-28', 'QRIS', 35000),
('PM2337', 2337, '2024-04-12', 'COD', 35000),
('PM2338', 2338, '2024-04-15', 'COD', 15000),
('PM2339', 2339, '2024-04-08', 'QRIS', 35000),
('PM2340', 2340, '2024-04-17', 'QRIS', 15000),
('PM2341', 2341, '2024-04-08', 'COD', 35000),
('PM2342', 2342, '2024-04-23', 'QRIS', 35000),
('PM2343', 2343, '2024-04-14', 'QRIS', 35000),
('PM2344', 2344, '2024-04-03', 'COD', 20000),
('PM2345', 2345, '2024-04-11', 'COD', 35000),
('PM2346', 2346, '2024-04-26', 'QRIS', 40000),
('PM2347', 2347, '2024-04-19', 'QRIS', 20000),
('PM2348', 2348, '2024-04-08', 'COD', 35000),
('PM2349', 2349, '2024-04-23', 'COD', 45000),
('PM2350', 2350, '2024-04-24', 'COD', 20000),
('PM2351', 2351, '2024-05-01', 'QRIS', 35000),
('PM2352', 2352, '2024-04-24', 'QRIS', 45000),
('PM2353', 2353, '2024-04-14', 'QRIS', 35000),
('PM2354', 2354, '2024-04-03', 'COD', 90000),
('PM2355', 2355, '2024-04-18', 'COD', 20000),
('PM2356', 2356, '2024-04-07', 'QRIS', 40000),
('PM2357', 2357, '2024-04-11', 'QRIS', 90000),
('PM2358', 2358, '2024-04-09', 'QRIS', 35000),
('PM2359', 2359, '2024-05-01', 'QRIS', 20000),
('PM2360', 2360, '2024-04-08', 'QRIS', 35000),
('PM2361', 2361, '2024-04-21', 'COD', 90000),
('PM2362', 2362, '2024-04-16', 'COD', 35000),
('PM2363', 2363, '2024-04-07', 'COD', 90000),
('PM2364', 2364, '2024-04-28', 'COD', 45000),
('PM2365', 2365, '2024-04-06', 'QRIS', 40000),
('PM2366', 2366, '2024-04-17', 'COD', 15000),
('PM2367', 2367, '2024-04-12', 'QRIS', 35000),
('PM2368', 2368, '2024-04-15', 'QRIS', 15000),
('PM2369', 2369, '2024-04-13', 'COD', 45000),
('PM2370', 2370, '2024-04-17', 'QRIS', 20000),
('PM2371', 2371, '2024-04-22', 'QRIS', 35000),
('PM2372', 2372, '2024-04-29', 'COD', 40000),
('PM2373', 2373, '2024-04-27', 'COD', 35000),
('PM2374', 2374, '2024-04-02', 'QRIS', 35000),
('PM2375', 2375, '2024-04-11', 'QRIS', 35000),
('PM2376', 2376, '2024-04-29', 'COD', 35000),
('PM2377', 2377, '2024-04-01', 'QRIS', 45000),
('PM2378', 2378, '2024-04-19', 'QRIS', 15000),
('PM2379', 2379, '2024-04-20', 'COD', 35000),
('PM2380', 2380, '2024-04-15', 'QRIS', 35000),
('PM2381', 2381, '2024-04-19', 'QRIS', 35000),
('PM2382', 2382, '2024-04-10', 'COD', 20000),
('PM2383', 2383, '2024-04-10', 'QRIS', 20000),
('PM2384', 2384, '2024-04-19', 'QRIS', 35000),
('PM2385', 2385, '2024-04-05', 'QRIS', 20000),
('PM2386', 2386, '2024-05-13', 'QRIS', 15000),
('PM2387', 2387, '2024-05-25', 'COD', 90000),
('PM2388', 2388, '2024-05-15', 'QRIS', 35000),
('PM2389', 2389, '2024-05-10', 'QRIS', 35000),
('PM2390', 2390, '2024-05-17', 'QRIS', 35000),
('PM2391', 2391, '2024-05-05', 'COD', 90000),
('PM2392', 2392, '2024-05-28', 'COD', 40000),
('PM2393', 2393, '2024-05-20', 'COD', 90000),
('PM2394', 2394, '2024-05-16', 'QRIS', 40000),
('PM2395', 2395, '2024-05-22', 'QRIS', 35000),
('PM2396', 2396, '2024-05-04', 'COD', 45000),
('PM2397', 2397, '2024-05-07', 'COD', 40000),
('PM2398', 2398, '2024-05-14', 'COD', 35000),
('PM2399', 2399, '2024-05-18', 'QRIS', 45000),
('PM2400', 2400, '2024-05-31', 'QRIS', 20000),
('PM2401', 2401, '2024-05-29', 'COD', 90000),
('PM2402', 2402, '2024-05-15', 'QRIS', 35000),
('PM2403', 2403, '2024-05-29', 'COD', 90000),
('PM2404', 2404, '2024-05-05', 'COD', 35000),
('PM2405', 2405, '2024-05-06', 'QRIS', 90000),
('PM2406', 2406, '2024-05-29', 'COD', 40000),
('PM2407', 2407, '2024-05-03', 'COD', 45000),
('PM2408', 2408, '2024-05-22', 'QRIS', 35000),
('PM2409', 2409, '2024-05-04', 'COD', 35000),
('PM2410', 2410, '2024-05-23', 'COD', 35000),
('PM2411', 2411, '2024-05-15', 'COD', 90000),
('PM2412', 2412, '2024-05-08', 'QRIS', 35000),
('PM2413', 2413, '2024-05-31', 'QRIS', 45000),
('PM2414', 2414, '2024-05-01', 'COD', 35000),
('PM2415', 2415, '2024-05-15', 'COD', 35000),
('PM2416', 2416, '2024-05-20', 'QRIS', 35000),
('PM2417', 2417, '2024-05-07', 'QRIS', 35000),
('PM2418', 2418, '2024-05-29', 'COD', 35000),
('PM2419', 2419, '2024-05-05', 'COD', 45000),
('PM2420', 2420, '2024-05-29', 'COD', 45000),
('PM2421', 2421, '2024-05-18', 'QRIS', 35000),
('PM2422', 2422, '2024-05-05', 'COD', 35000),
('PM2423', 2423, '2024-05-15', 'COD', 35000),
('PM2424', 2424, '2024-05-30', 'COD', 90000),
('PM2425', 2425, '2024-05-06', 'COD', 35000),
('PM2426', 2426, '2024-05-05', 'QRIS', 90000),
('PM2427', 2427, '2024-05-04', 'QRIS', 40000),
('PM2428', 2428, '2024-05-08', 'COD', 40000),
('PM2429', 2429, '2024-05-01', 'QRIS', 35000),
('PM2430', 2430, '2024-05-31', 'COD', 40000),
('PM2431', 2431, '2024-05-06', 'COD', 20000),
('PM2432', 2432, '2024-05-12', 'QRIS', 35000),
('PM2433', 2433, '2024-05-17', 'QRIS', 20000),
('PM2434', 2434, '2024-05-25', 'COD', 45000),
('PM2435', 2435, '2024-05-11', 'COD', 35000),
('PM2436', 2436, '2024-05-15', 'COD', 40000),
('PM2437', 2437, '2024-05-03', 'QRIS', 20000),
('PM2438', 2438, '2024-05-06', 'COD', 35000),
('PM2439', 2439, '2024-05-22', 'COD', 45000),
('PM2440', 2440, '2024-05-19', 'COD', 45000),
('PM2441', 2441, '2024-05-10', 'QRIS', 20000),
('PM2442', 2442, '2024-05-26', 'QRIS', 35000),
('PM2443', 2443, '2024-05-24', 'QRIS', 90000),
('PM2444', 2444, '2024-06-18', 'COD', 40000),
('PM2445', 2445, '2024-06-04', 'COD', 90000),
('PM2446', 2446, '2024-06-12', 'QRIS', 35000),
('PM2447', 2447, '2024-06-18', 'COD', 15000),
('PM2448', 2448, '2024-06-21', 'QRIS', 35000),
('PM2449', 2449, '2024-06-01', 'COD', 20000),
('PM2450', 2450, '2024-06-27', 'COD', 40000),
('PM2451', 2451, '2024-06-12', 'QRIS', 35000),
('PM2452', 2452, '2024-06-13', 'QRIS', 40000),
('PM2453', 2453, '2024-06-22', 'COD', 45000),
('PM2454', 2454, '2024-06-13', 'QRIS', 35000),
('PM2455', 2455, '2024-06-22', 'QRIS', 45000),
('PM2456', 2456, '2024-06-27', 'QRIS', 15000),
('PM2457', 2457, '2024-06-27', 'COD', 90000),
('PM2458', 2458, '2024-06-13', 'QRIS', 45000),
('PM2459', 2459, '2024-06-08', 'QRIS', 20000),
('PM2460', 2460, '2024-06-02', 'QRIS', 15000),
('PM2461', 2461, '2024-06-11', 'COD', 35000),
('PM2462', 2462, '2024-06-24', 'QRIS', 90000),
('PM2463', 2463, '2024-06-12', 'QRIS', 35000),
('PM2464', 2464, '2024-06-13', 'COD', 35000),
('PM2465', 2465, '2024-06-19', 'COD', 35000),
('PM2466', 2466, '2024-06-17', 'QRIS', 35000),
('PM2467', 2467, '2024-06-05', 'QRIS', 15000),
('PM2468', 2468, '2024-06-23', 'COD', 15000),
('PM2469', 2469, '2024-06-28', 'COD', 35000),
('PM2470', 2470, '2024-06-29', 'QRIS', 35000),
('PM2471', 2471, '2024-06-30', 'QRIS', 35000),
('PM2472', 2472, '2024-06-19', 'QRIS', 90000),
('PM2473', 2473, '2024-06-06', 'QRIS', 35000),
('PM2474', 2474, '2024-06-10', 'QRIS', 45000),
('PM2475', 2475, '2024-06-16', 'QRIS', 90000),
('PM2476', 2476, '2024-06-29', 'QRIS', 35000),
('PM2477', 2477, '2024-06-14', 'QRIS', 40000),
('PM2478', 2478, '2024-06-28', 'QRIS', 15000),
('PM2479', 2479, '2024-06-08', 'QRIS', 15000),
('PM2480', 2480, '2024-06-14', 'QRIS', 90000),
('PM2481', 2481, '2024-07-01', 'QRIS', 35000),
('PM2482', 2482, '2024-06-03', 'QRIS', 15000),
('PM2483', 2483, '2024-06-19', 'COD', 40000),
('PM2484', 2484, '2024-06-05', 'COD', 45000),
('PM2485', 2485, '2024-06-25', 'COD', 35000),
('PM2486', 2486, '2024-06-13', 'QRIS', 35000),
('PM2487', 2487, '2024-06-21', 'QRIS', 90000),
('PM2488', 2488, '2024-06-26', 'QRIS', 20000),
('PM2489', 2489, '2024-06-02', 'COD', 90000),
('PM2490', 2490, '2024-07-01', 'COD', 20000),
('PM2491', 2491, '2024-06-17', 'QRIS', 15000),
('PM2492', 2492, '2024-06-28', 'COD', 40000),
('PM2493', 2493, '2024-06-28', 'QRIS', 15000),
('PM2494', 2494, '2024-06-21', 'COD', 35000),
('PM2495', 2495, '2024-06-03', 'QRIS', 20000),
('PM2496', 2496, '2024-06-28', 'COD', 15000),
('PM2497', 2497, '2024-06-06', 'COD', 45000),
('PM2498', 2498, '2024-06-11', 'COD', 35000),
('PM2499', 2499, '2024-06-24', 'QRIS', 15000),
('PM2500', 2500, '2024-06-05', 'QRIS', 35000),
('PM2501', 2501, '2024-06-07', 'COD', 40000),
('PM2502', 2502, '2024-07-23', 'COD', 90000),
('PM2503', 2503, '2024-07-14', 'QRIS', 15000),
('PM2504', 2504, '2024-07-31', 'COD', 20000),
('PM2505', 2505, '2024-07-27', 'QRIS', 15000),
('PM2506', 2506, '2024-07-20', 'COD', 40000),
('PM2507', 2507, '2024-07-17', 'QRIS', 40000),
('PM2508', 2508, '2024-07-20', 'COD', 45000),
('PM2509', 2509, '2024-07-09', 'COD', 35000),
('PM2510', 2510, '2024-07-04', 'QRIS', 20000),
('PM2511', 2511, '2024-07-12', 'COD', 35000),
('PM2512', 2512, '2024-07-02', 'QRIS', 15000),
('PM2513', 2513, '2024-07-19', 'COD', 35000),
('PM2514', 2514, '2024-07-18', 'QRIS', 45000),
('PM2515', 2515, '2024-07-05', 'QRIS', 35000),
('PM2516', 2516, '2024-07-15', 'COD', 20000),
('PM2517', 2517, '2024-07-20', 'QRIS', 45000),
('PM2518', 2518, '2024-07-21', 'QRIS', 40000),
('PM2519', 2519, '2024-07-09', 'QRIS', 35000),
('PM2520', 2520, '2024-07-14', 'QRIS', 90000),
('PM2521', 2521, '2024-07-01', 'QRIS', 40000),
('PM2522', 2522, '2024-07-23', 'COD', 45000),
('PM2523', 2523, '2024-07-15', 'COD', 90000),
('PM2524', 2524, '2024-07-04', 'COD', 35000),
('PM2525', 2525, '2024-07-13', 'QRIS', 35000),
('PM2526', 2526, '2024-07-22', 'COD', 45000),
('PM2527', 2527, '2024-07-16', 'COD', 45000),
('PM2528', 2528, '2024-07-28', 'COD', 35000),
('PM2529', 2529, '2024-07-10', 'QRIS', 35000),
('PM2530', 2530, '2024-07-02', 'QRIS', 90000),
('PM2531', 2531, '2024-07-23', 'QRIS', 35000),
('PM2532', 2532, '2024-07-04', 'QRIS', 45000),
('PM2533', 2533, '2024-07-28', 'QRIS', 45000),
('PM2534', 2534, '2024-07-27', 'COD', 15000),
('PM2535', 2535, '2024-07-06', 'QRIS', 20000),
('PM2536', 2536, '2024-07-16', 'COD', 40000),
('PM2537', 2537, '2024-07-21', 'COD', 35000),
('PM2538', 2538, '2024-07-30', 'COD', 35000),
('PM2539', 2539, '2024-07-10', 'COD', 20000),
('PM2540', 2540, '2024-07-05', 'QRIS', 20000),
('PM2541', 2541, '2024-07-21', 'QRIS', 90000),
('PM2542', 2542, '2024-07-12', 'COD', 40000),
('PM2543', 2543, '2024-07-06', 'COD', 20000),
('PM2544', 2544, '2024-07-20', 'QRIS', 35000),
('PM2545', 2545, '2024-07-11', 'COD', 35000),
('PM2546', 2546, '2024-07-22', 'COD', 35000),
('PM2547', 2547, '2024-07-05', 'COD', 15000),
('PM2548', 2548, '2024-07-03', 'COD', 40000),
('PM2549', 2549, '2024-07-24', 'COD', 40000),
('PM2550', 2550, '2024-07-30', 'COD', 35000),
('PM2551', 2551, '2024-07-19', 'COD', 45000),
('PM2552', 2552, '2024-07-10', 'COD', 35000),
('PM2553', 2553, '2024-07-07', 'COD', 90000),
('PM2554', 2554, '2024-07-23', 'COD', 35000),
('PM2555', 2555, '2024-07-29', 'QRIS', 40000),
('PM2556', 2556, '2024-07-25', 'COD', 35000),
('PM2557', 2557, '2024-07-18', 'COD', 45000),
('PM2558', 2558, '2024-07-20', 'QRIS', 35000),
('PM2559', 2559, '2024-07-26', 'COD', 35000),
('PM2560', 2560, '2024-08-03', 'QRIS', 40000),
('PM2561', 2561, '2024-08-03', 'QRIS', 40000),
('PM2562', 2562, '2024-08-09', 'QRIS', 40000),
('PM2563', 2563, '2024-08-26', 'QRIS', 90000),
('PM2564', 2564, '2024-08-21', 'COD', 40000),
('PM2565', 2565, '2024-08-22', 'QRIS', 35000),
('PM2566', 2566, '2024-08-01', 'COD', 90000),
('PM2567', 2567, '2024-08-26', 'QRIS', 35000),
('PM2568', 2568, '2024-08-30', 'QRIS', 45000),
('PM2569', 2569, '2024-08-13', 'QRIS', 90000),
('PM2570', 2570, '2024-08-21', 'COD', 90000),
('PM2571', 2571, '2024-08-19', 'COD', 35000),
('PM2572', 2572, '2024-08-14', 'QRIS', 40000),
('PM2573', 2573, '2024-08-19', 'QRIS', 90000),
('PM2574', 2574, '2024-08-10', 'QRIS', 15000),
('PM2575', 2575, '2024-08-07', 'COD', 90000),
('PM2576', 2576, '2024-08-19', 'QRIS', 35000),
('PM2577', 2577, '2024-08-01', 'COD', 15000),
('PM2578', 2578, '2024-08-03', 'QRIS', 35000),
('PM2579', 2579, '2024-08-02', 'COD', 20000),
('PM2580', 2580, '2024-08-13', 'QRIS', 40000),
('PM2581', 2581, '2024-08-16', 'COD', 20000),
('PM2582', 2582, '2024-08-05', 'COD', 35000),
('PM2583', 2583, '2024-08-31', 'COD', 35000),
('PM2584', 2584, '2024-08-10', 'COD', 40000),
('PM2585', 2585, '2024-08-03', 'QRIS', 20000),
('PM2586', 2586, '2024-08-29', 'QRIS', 90000),
('PM2587', 2587, '2024-08-23', 'COD', 40000),
('PM2588', 2588, '2024-08-01', 'QRIS', 35000),
('PM2589', 2589, '2024-08-24', 'QRIS', 40000),
('PM2590', 2590, '2024-08-26', 'COD', 35000),
('PM2591', 2591, '2024-08-11', 'COD', 45000),
('PM2592', 2592, '2024-08-12', 'COD', 35000),
('PM2593', 2593, '2024-08-29', 'QRIS', 15000),
('PM2594', 2594, '2024-08-17', 'COD', 20000),
('PM2595', 2595, '2024-08-06', 'QRIS', 40000),
('PM2596', 2596, '2024-08-06', 'QRIS', 40000),
('PM2597', 2597, '2024-08-08', 'QRIS', 35000),
('PM2598', 2598, '2024-08-22', 'QRIS', 45000),
('PM2599', 2599, '2024-08-01', 'QRIS', 35000),
('PM2600', 2600, '2024-08-29', 'QRIS', 35000),
('PM2601', 2601, '2024-08-22', 'COD', 20000),
('PM2602', 2602, '2024-08-23', 'QRIS', 20000),
('PM2603', 2603, '2024-08-05', 'QRIS', 90000),
('PM2604', 2604, '2024-08-28', 'QRIS', 35000),
('PM2605', 2605, '2024-08-22', 'QRIS', 40000),
('PM2606', 2606, '2024-08-08', 'COD', 45000),
('PM2607', 2607, '2024-08-16', 'QRIS', 40000),
('PM2608', 2608, '2024-08-24', 'COD', 45000),
('PM2609', 2609, '2024-08-18', 'QRIS', 40000),
('PM2610', 2610, '2024-08-31', 'COD', 35000),
('PM2611', 2611, '2024-08-26', 'COD', 40000),
('PM2612', 2612, '2024-08-28', 'COD', 35000),
('PM2613', 2613, '2024-08-23', 'QRIS', 15000),
('PM2614', 2614, '2024-08-10', 'QRIS', 35000),
('PM2615', 2615, '2024-08-09', 'COD', 40000),
('PM2616', 2616, '2024-08-27', 'COD', 40000),
('PM2617', 2617, '2024-08-15', 'QRIS', 35000),
('PM2618', 2618, '2024-09-22', 'COD', 40000),
('PM2619', 2619, '2024-09-19', 'COD', 40000),
('PM2620', 2620, '2024-09-04', 'QRIS', 35000),
('PM2621', 2621, '2024-09-30', 'COD', 35000),
('PM2622', 2622, '2024-09-16', 'COD', 20000),
('PM2623', 2623, '2024-09-19', 'QRIS', 35000),
('PM2624', 2624, '2024-09-28', 'QRIS', 15000),
('PM2625', 2625, '2024-09-18', 'COD', 45000),
('PM2626', 2626, '2024-09-28', 'QRIS', 35000),
('PM2627', 2627, '2024-09-03', 'QRIS', 35000),
('PM2628', 2628, '2024-09-05', 'QRIS', 15000),
('PM2629', 2629, '2024-09-05', 'COD', 20000),
('PM2630', 2630, '2024-09-27', 'COD', 40000),
('PM2631', 2631, '2024-09-05', 'QRIS', 35000),
('PM2632', 2632, '2024-09-27', 'COD', 15000),
('PM2633', 2633, '2024-09-20', 'QRIS', 90000),
('PM2634', 2634, '2024-09-11', 'QRIS', 45000),
('PM2635', 2635, '2024-09-18', 'QRIS', 45000),
('PM2636', 2636, '2024-09-05', 'QRIS', 90000),
('PM2637', 2637, '2024-09-06', 'COD', 15000),
('PM2638', 2638, '2024-09-10', 'COD', 35000),
('PM2639', 2639, '2024-09-24', 'COD', 35000),
('PM2640', 2640, '2024-09-26', 'COD', 40000),
('PM2641', 2641, '2024-09-16', 'COD', 45000),
('PM2642', 2642, '2024-09-04', 'COD', 35000),
('PM2643', 2643, '2024-09-30', 'COD', 35000),
('PM2644', 2644, '2024-09-12', 'COD', 35000),
('PM2645', 2645, '2024-09-04', 'COD', 45000),
('PM2646', 2646, '2024-09-24', 'QRIS', 15000),
('PM2647', 2647, '2024-09-08', 'COD', 35000),
('PM2648', 2648, '2024-09-09', 'COD', 20000),
('PM2649', 2649, '2024-09-15', 'QRIS', 40000),
('PM2650', 2650, '2024-09-27', 'COD', 35000),
('PM2651', 2651, '2024-09-24', 'QRIS', 90000),
('PM2652', 2652, '2024-09-07', 'QRIS', 35000),
('PM2653', 2653, '2024-09-17', 'COD', 40000),
('PM2654', 2654, '2024-09-15', 'COD', 35000),
('PM2655', 2655, '2024-09-18', 'COD', 20000),
('PM2656', 2656, '2024-09-17', 'QRIS', 20000),
('PM2657', 2657, '2024-09-07', 'COD', 35000),
('PM2658', 2658, '2024-09-03', 'COD', 35000),
('PM2659', 2659, '2024-09-15', 'COD', 20000),
('PM2660', 2660, '2024-09-06', 'QRIS', 45000),
('PM2661', 2661, '2024-09-24', 'QRIS', 20000),
('PM2662', 2662, '2024-09-26', 'COD', 20000),
('PM2663', 2663, '2024-10-01', 'QRIS', 15000),
('PM2664', 2664, '2024-09-12', 'COD', 35000),
('PM2665', 2665, '2024-09-19', 'QRIS', 15000),
('PM2666', 2666, '2024-09-19', 'QRIS', 35000),
('PM2667', 2667, '2024-09-10', 'COD', 35000),
('PM2668', 2668, '2024-09-20', 'COD', 20000),
('PM2669', 2669, '2024-09-29', 'COD', 35000),
('PM2670', 2670, '2024-09-04', 'COD', 45000),
('PM2671', 2671, '2024-09-27', 'QRIS', 90000),
('PM2672', 2672, '2024-09-02', 'COD', 35000),
('PM2673', 2673, '2024-09-09', 'QRIS', 45000),
('PM2674', 2674, '2024-09-27', 'COD', 15000),
('PM2675', 2675, '2024-09-11', 'COD', 15000),
('PM2676', 2676, '2024-10-28', 'QRIS', 20000),
('PM2677', 2677, '2024-10-27', 'QRIS', 45000),
('PM2678', 2678, '2024-10-25', 'COD', 90000),
('PM2679', 2679, '2024-10-28', 'QRIS', 20000),
('PM2680', 2680, '2024-10-23', 'QRIS', 35000),
('PM2681', 2681, '2024-10-19', 'QRIS', 20000),
('PM2682', 2682, '2024-10-20', 'QRIS', 45000),
('PM2683', 2683, '2024-10-07', 'QRIS', 35000),
('PM2684', 2684, '2024-10-10', 'QRIS', 35000),
('PM2685', 2685, '2024-10-11', 'QRIS', 20000),
('PM2686', 2686, '2024-10-06', 'COD', 35000),
('PM2687', 2687, '2024-10-02', 'QRIS', 35000),
('PM2688', 2688, '2024-10-22', 'COD', 35000),
('PM2689', 2689, '2024-10-11', 'QRIS', 35000),
('PM2690', 2690, '2024-10-18', 'COD', 15000),
('PM2691', 2691, '2024-10-04', 'COD', 15000),
('PM2692', 2692, '2024-10-11', 'COD', 90000),
('PM2693', 2693, '2024-10-17', 'QRIS', 40000),
('PM2694', 2694, '2024-10-01', 'COD', 90000),
('PM2695', 2695, '2024-10-19', 'QRIS', 45000),
('PM2696', 2696, '2024-10-01', 'COD', 35000),
('PM2697', 2697, '2024-10-08', 'COD', 35000),
('PM2698', 2698, '2024-10-12', 'COD', 45000),
('PM2699', 2699, '2024-10-17', 'COD', 35000),
('PM2700', 2700, '2024-10-18', 'QRIS', 20000),
('PM2701', 2701, '2024-10-13', 'COD', 90000),
('PM2702', 2702, '2024-10-04', 'COD', 45000),
('PM2703', 2703, '2024-10-30', 'COD', 40000),
('PM2704', 2704, '2024-10-12', 'QRIS', 35000),
('PM2705', 2705, '2024-10-13', 'COD', 35000),
('PM2706', 2706, '2024-10-02', 'COD', 35000),
('PM2707', 2707, '2024-10-13', 'COD', 40000),
('PM2708', 2708, '2024-10-20', 'COD', 45000),
('PM2709', 2709, '2024-10-21', 'COD', 35000),
('PM2710', 2710, '2024-10-15', 'QRIS', 35000),
('PM2711', 2711, '2024-10-13', 'COD', 40000),
('PM2712', 2712, '2024-10-28', 'COD', 40000),
('PM2713', 2713, '2024-10-10', 'QRIS', 40000),
('PM2714', 2714, '2024-10-05', 'COD', 35000),
('PM2715', 2715, '2024-10-16', 'QRIS', 20000),
('PM2716', 2716, '2024-10-02', 'COD', 20000),
('PM2717', 2717, '2024-10-29', 'QRIS', 35000),
('PM2718', 2718, '2024-10-08', 'QRIS', 35000),
('PM2719', 2719, '2024-10-24', 'COD', 90000),
('PM2720', 2720, '2024-10-12', 'COD', 40000),
('PM2721', 2721, '2024-10-24', 'QRIS', 35000),
('PM2722', 2722, '2024-10-10', 'COD', 15000),
('PM2723', 2723, '2024-10-21', 'QRIS', 90000),
('PM2724', 2724, '2024-10-10', 'COD', 90000),
('PM2725', 2725, '2024-10-29', 'QRIS', 90000),
('PM2726', 2726, '2024-10-07', 'COD', 90000),
('PM2727', 2727, '2024-10-02', 'COD', 45000),
('PM2728', 2728, '2024-10-04', 'COD', 15000),
('PM2729', 2729, '2024-10-28', 'QRIS', 15000),
('PM2730', 2730, '2024-10-24', 'QRIS', 15000),
('PM2731', 2731, '2024-10-29', 'QRIS', 20000),
('PM2732', 2732, '2024-10-23', 'QRIS', 35000),
('PM2733', 2733, '2024-10-10', 'COD', 35000),
('PM2734', 2734, '2024-10-10', 'QRIS', 35000),
('PM2735', 2735, '2024-10-21', 'QRIS', 35000),
('PM2736', 2736, '2024-10-16', 'QRIS', 15000),
('PM2737', 2737, '2024-10-24', 'COD', 35000),
('PM2738', 2738, '2024-10-30', 'COD', 15000),
('PM2739', 2739, '2024-10-15', 'QRIS', 15000),
('PM2740', 2740, '2024-10-29', 'QRIS', 20000),
('PM2741', 2741, '2024-10-14', 'COD', 45000),
('PM2742', 2742, '2024-10-04', 'QRIS', 40000),
('PM2743', 2743, '2024-10-09', 'QRIS', 35000),
('PM2744', 2744, '2024-10-16', 'COD', 90000),
('PM2745', 2745, '2024-10-25', 'QRIS', 40000),
('PM2746', 2746, '2024-10-11', 'QRIS', 35000),
('PM2747', 2747, '2024-10-07', 'COD', 40000),
('PM2748', 2748, '2024-10-06', 'QRIS', 35000),
('PM2749', 2749, '2024-10-08', 'COD', 35000),
('PM2750', 2750, '2024-10-18', 'QRIS', 90000),
('PM2751', 2751, '2024-10-03', 'COD', 40000),
('PM2752', 2752, '2024-10-27', 'COD', 45000),
('PM2753', 2753, '2024-10-24', 'QRIS', 90000),
('PM2754', 2754, '2024-10-31', 'QRIS', 35000),
('PM2755', 2755, '2024-10-29', 'QRIS', 35000),
('PM2756', 2756, '2024-10-24', 'QRIS', 20000),
('PM2757', 2757, '2024-10-13', 'COD', 35000),
('PM2758', 2758, '2024-10-18', 'COD', 35000),
('PM2759', 2759, '2024-10-29', 'COD', 45000),
('PM2760', 2760, '2024-10-06', 'QRIS', 35000),
('PM2761', 2761, '2024-10-08', 'QRIS', 40000),
('PM2762', 2762, '2024-10-17', 'QRIS', 45000),
('PM2763', 2763, '2024-10-10', 'QRIS', 20000),
('PM2764', 2764, '2024-10-23', 'COD', 45000),
('PM2765', 2765, '2024-10-29', 'QRIS', 15000),
('PM2766', 2766, '2024-10-25', 'QRIS', 35000),
('PM2767', 2767, '2024-10-28', 'COD', 35000),
('PM2768', 2768, '2024-10-31', 'COD', 45000),
('PM2769', 2769, '2024-10-23', 'QRIS', 45000),
('PM2770', 2770, '2024-10-06', 'QRIS', 15000),
('PM2771', 2771, '2024-10-24', 'COD', 35000),
('PM2772', 2772, '2024-10-23', 'QRIS', 35000),
('PM2773', 2773, '2024-10-03', 'COD', 90000),
('PM2774', 2774, '2024-10-28', 'QRIS', 40000),
('PM2775', 2775, '2024-10-03', 'QRIS', 45000),
('PM2776', 2776, '2024-10-04', 'QRIS', 15000),
('PM2777', 2777, '2024-10-12', 'COD', 35000),
('PM2778', 2778, '2024-10-12', 'QRIS', 90000),
('PM2779', 2779, '2024-10-09', 'QRIS', 15000),
('PM2780', 2780, '2024-10-28', 'QRIS', 35000),
('PM2781', 2781, '2024-10-06', 'QRIS', 45000),
('PM2782', 2782, '2024-10-25', 'QRIS', 90000),
('PM2783', 2783, '2024-10-08', 'COD', 35000),
('PM2784', 2784, '2024-10-01', 'QRIS', 20000),
('PM2785', 2785, '2024-11-20', 'COD', 40000),
('PM2786', 2786, '2024-11-10', 'COD', 20000),
('PM2787', 2787, '2024-11-29', 'QRIS', 35000),
('PM2788', 2788, '2024-11-20', 'COD', 35000),
('PM2789', 2789, '2024-11-18', 'QRIS', 35000),
('PM2790', 2790, '2024-11-10', 'QRIS', 90000),
('PM2791', 2791, '2024-11-14', 'QRIS', 90000),
('PM2792', 2792, '2024-12-01', 'QRIS', 35000),
('PM2793', 2793, '2024-11-03', 'QRIS', 35000),
('PM2794', 2794, '2024-11-27', 'QRIS', 35000),
('PM2795', 2795, '2024-12-01', 'QRIS', 35000),
('PM2796', 2796, '2024-11-06', 'QRIS', 35000),
('PM2797', 2797, '2024-11-13', 'QRIS', 20000),
('PM2798', 2798, '2024-11-11', 'QRIS', 90000),
('PM2799', 2799, '2024-11-27', 'COD', 40000),
('PM2800', 2800, '2024-11-18', 'QRIS', 45000),
('PM2801', 2801, '2024-11-02', 'COD', 45000),
('PM2802', 2802, '2024-11-16', 'QRIS', 15000),
('PM2803', 2803, '2024-11-22', 'QRIS', 40000),
('PM2804', 2804, '2024-11-03', 'COD', 90000),
('PM2805', 2805, '2024-11-05', 'COD', 20000),
('PM2806', 2806, '2024-11-06', 'COD', 40000),
('PM2807', 2807, '2024-11-25', 'QRIS', 90000),
('PM2808', 2808, '2024-11-19', 'COD', 45000),
('PM2809', 2809, '2024-11-08', 'COD', 20000),
('PM2810', 2810, '2024-11-07', 'QRIS', 20000),
('PM2811', 2811, '2024-11-11', 'COD', 35000),
('PM2812', 2812, '2024-11-28', 'COD', 35000),
('PM2813', 2813, '2024-11-29', 'COD', 90000),
('PM2814', 2814, '2024-11-02', 'COD', 15000),
('PM2815', 2815, '2024-11-14', 'COD', 35000),
('PM2816', 2816, '2024-11-01', 'COD', 35000),
('PM2817', 2817, '2024-11-05', 'COD', 40000),
('PM2818', 2818, '2024-11-07', 'COD', 90000),
('PM2819', 2819, '2024-11-21', 'QRIS', 20000),
('PM2820', 2820, '2024-11-13', 'COD', 45000),
('PM2821', 2821, '2024-11-29', 'QRIS', 35000),
('PM2822', 2822, '2024-11-14', 'COD', 15000),
('PM2823', 2823, '2024-11-23', 'QRIS', 45000),
('PM2824', 2824, '2024-11-23', 'COD', 35000),
('PM2825', 2825, '2024-11-10', 'QRIS', 15000),
('PM2826', 2826, '2024-11-16', 'QRIS', 90000),
('PM2827', 2827, '2024-11-24', 'COD', 15000),
('PM2828', 2828, '2024-11-21', 'COD', 15000),
('PM2829', 2829, '2024-11-30', 'QRIS', 35000),
('PM2830', 2830, '2024-11-27', 'COD', 40000),
('PM2831', 2831, '2024-11-12', 'QRIS', 40000),
('PM2832', 2832, '2024-11-17', 'COD', 40000),
('PM2833', 2833, '2024-11-26', 'QRIS', 35000),
('PM2834', 2834, '2024-11-01', 'QRIS', 45000),
('PM2835', 2835, '2024-11-19', 'COD', 15000),
('PM2836', 2836, '2024-11-17', 'COD', 35000),
('PM2837', 2837, '2024-11-12', 'COD', 15000),
('PM2838', 2838, '2024-11-20', 'QRIS', 20000),
('PM2839', 2839, '2024-11-04', 'QRIS', 15000),
('PM2840', 2840, '2024-11-14', 'QRIS', 20000),
('PM2841', 2841, '2024-11-14', 'COD', 45000),
('PM2842', 2842, '2024-11-22', 'QRIS', 15000),
('PM2843', 2843, '2024-11-15', 'QRIS', 90000),
('PM2844', 2844, '2024-11-01', 'QRIS', 35000),
('PM2845', 2845, '2024-11-21', 'QRIS', 35000),
('PM2846', 2846, '2024-11-12', 'QRIS', 90000),
('PM2847', 2847, '2024-11-09', 'COD', 40000),
('PM2848', 2848, '2024-11-20', 'COD', 35000),
('PM2849', 2849, '2024-11-19', 'QRIS', 45000),
('PM2850', 2850, '2024-11-30', 'COD', 45000),
('PM2851', 2851, '2024-11-19', 'COD', 35000),
('PM2852', 2852, '2024-11-11', 'COD', 40000),
('PM2853', 2853, '2024-11-28', 'COD', 35000),
('PM2854', 2854, '2024-11-12', 'COD', 35000),
('PM2855', 2855, '2024-11-03', 'COD', 20000),
('PM2856', 2856, '2024-11-12', 'QRIS', 90000),
('PM2857', 2857, '2024-11-25', 'COD', 35000),
('PM2858', 2858, '2024-11-22', 'QRIS', 15000),
('PM2859', 2859, '2024-11-14', 'COD', 15000),
('PM2860', 2860, '2024-11-22', 'QRIS', 90000),
('PM2861', 2861, '2024-11-28', 'COD', 35000),
('PM2862', 2862, '2024-11-16', 'COD', 90000),
('PM2863', 2863, '2024-11-25', 'COD', 15000),
('PM2864', 2864, '2024-11-09', 'QRIS', 35000),
('PM2865', 2865, '2024-12-01', 'COD', 35000),
('PM2866', 2866, '2024-11-06', 'QRIS', 15000),
('PM2867', 2867, '2024-11-03', 'QRIS', 15000),
('PM2868', 2868, '2024-11-24', 'COD', 20000),
('PM2869', 2869, '2024-11-21', 'QRIS', 35000),
('PM2870', 2870, '2024-11-22', 'QRIS', 35000),
('PM2871', 2871, '2024-11-14', 'QRIS', 35000),
('PM2872', 2872, '2024-11-27', 'COD', 20000),
('PM2873', 2873, '2024-12-01', 'QRIS', 35000),
('PM2874', 2874, '2024-11-04', 'COD', 15000),
('PM2875', 2875, '2024-11-23', 'QRIS', 90000),
('PM2876', 2876, '2024-11-24', 'COD', 35000),
('PM2877', 2877, '2024-11-25', 'COD', 20000),
('PM2878', 2878, '2024-11-20', 'QRIS', 90000),
('PM2879', 2879, '2024-11-15', 'COD', 40000),
('PM2880', 2880, '2024-11-03', 'COD', 35000),
('PM2881', 2881, '2024-11-14', 'COD', 35000),
('PM2882', 2882, '2024-11-29', 'COD', 45000),
('PM2883', 2883, '2024-12-01', 'COD', 40000),
('PM2884', 2884, '2024-11-21', 'QRIS', 45000),
('PM2885', 2885, '2024-11-20', 'QRIS', 35000),
('PM2886', 2886, '2024-11-03', 'QRIS', 35000),
('PM2887', 2887, '2024-11-03', 'COD', 35000),
('PM2888', 2888, '2024-11-19', 'COD', 35000),
('PM2889', 2889, '2024-11-04', 'COD', 15000),
('PM2890', 2890, '2024-11-21', 'COD', 35000),
('PM2891', 2891, '2024-11-03', 'COD', 40000),
('PM2892', 2892, '2024-11-07', 'QRIS', 90000),
('PM2893', 2893, '2024-12-24', 'COD', 45000),
('PM2894', 2894, '2024-12-16', 'QRIS', 20000),
('PM2895', 2895, '2024-12-22', 'COD', 35000),
('PM2896', 2896, '2024-12-08', 'COD', 90000),
('PM2897', 2897, '2024-12-18', 'QRIS', 35000),
('PM2898', 2898, '2024-12-01', 'QRIS', 20000),
('PM2900', 2900, '2024-12-22', 'COD', 40000),
('PM2901', 2901, '2024-12-25', 'COD', 15000),
('PM2903', 2903, '2024-12-13', 'QRIS', 40000),
('PM2904', 2904, '2024-12-24', 'COD', 45000),
('PM2907', 2907, '2024-12-21', 'QRIS', 40000),
('PM2909', 2909, '2024-12-14', 'COD', 45000),
('PM2911', 2911, '2024-12-12', 'QRIS', 45000),
('PM2913', 2913, '2024-12-21', 'QRIS', 45000),
('PM2914', 2914, '2024-12-11', 'QRIS', 45000),
('PM2915', 2915, '2024-12-15', 'QRIS', 35000),
('PM2916', 2916, '2024-12-19', 'COD', 35000),
('PM2917', 2917, '2024-12-23', 'COD', 90000),
('PM2918', 2918, '2024-12-24', 'QRIS', 35000),
('PM2919', 2919, '2024-12-21', 'QRIS', 35000),
('PM2921', 2921, '2024-12-04', 'QRIS', 35000),
('PM2922', 2922, '2024-12-10', 'QRIS', 35000),
('PM2923', 2923, '2024-12-19', 'QRIS', 15000),
('PM2924', 2924, '2024-12-04', 'QRIS', 45000),
('PM2925', 2925, '2024-12-20', 'COD', 90000),
('PM2927', 2927, '2024-12-18', 'QRIS', 20000),
('PM2928', 2928, '2024-12-23', 'COD', 20000),
('PM2929', 2929, '2024-12-11', 'QRIS', 35000),
('PM2930', 2930, '2024-12-03', 'QRIS', 35000),
('PM2931', 2931, '2024-12-21', 'QRIS', 20000),
('PM2932', 2932, '2024-12-04', 'QRIS', 35000),
('PM2933', 2933, '2024-12-09', 'QRIS', 35000),
('PM2934', 2934, '2024-12-05', 'QRIS', 40000),
('PM2935', 2935, '2024-12-12', 'COD', 90000),
('PM2936', 2936, '2024-12-25', 'COD', 20000),
('PM2937', 2937, '2024-12-02', 'QRIS', 15000),
('PM2938', 2938, '2024-12-12', 'COD', 45000),
('PM2940', 2940, '2024-12-05', 'COD', 35000),
('PM2941', 2941, '2024-12-25', 'QRIS', 15000),
('PM2942', 2942, '2024-12-06', 'COD', 90000),
('PM2943', 2943, '2024-12-20', 'QRIS', 35000),
('PM2944', 2944, '2024-12-04', 'COD', 35000),
('PM2945', 2945, '2024-12-25', 'COD', 20000),
('PM2946', 2946, '2024-12-16', 'QRIS', 45000),
('PM2948', 2948, '2024-12-21', 'QRIS', 35000),
('PM2949', 2949, '2024-12-18', 'COD', 40000),
('PM2950', 2950, '2024-12-08', 'QRIS', 45000),
('PM2952', 2952, '2024-12-01', 'QRIS', 35000),
('PM2955', 2955, '2024-12-25', 'QRIS', 20000),
('PM2956', 2956, '2024-12-21', 'COD', 40000),
('PM2957', 2957, '2024-12-21', 'COD', 45000),
('PM2959', 2959, '2024-12-07', 'QRIS', 40000),
('PM2960', 2960, '2024-12-14', 'QRIS', 35000),
('PM2961', 2961, '2024-12-13', 'COD', 35000),
('PM2962', 2962, '2024-12-13', 'QRIS', 15000),
('PM2963', 2963, '2024-12-03', 'QRIS', 20000),
('PM2965', 2965, '2024-12-24', 'COD', 15000),
('PM2966', 2966, '2024-12-15', 'COD', 35000),
('PM2967', 2967, '2024-12-15', 'COD', 35000),
('PM2968', 2968, '2024-12-19', 'QRIS', 15000),
('PM2969', 2969, '2024-12-03', 'QRIS', 90000),
('PM2970', 2970, '2024-12-18', 'COD', 35000),
('PM2971', 2971, '2024-12-09', 'COD', 35000),
('PM2973', 2973, '2024-12-24', 'QRIS', 90000),
('PM2974', 2974, '2024-12-22', 'QRIS', 35000),
('PM2975', 2975, '2024-12-19', 'QRIS', 40000),
('PM2976', 2976, '2024-12-04', 'COD', 35000),
('PM2977', 2977, '2024-12-04', 'QRIS', 20000),
('PM2978', 2978, '2024-12-24', 'QRIS', 20000),
('PM2979', 2979, '2024-12-20', 'COD', 20000),
('PM2980', 2980, '2024-12-18', 'QRIS', 35000),
('PM2981', 2981, '2024-12-21', 'COD', 35000),
('PM2982', 2982, '2024-12-14', 'QRIS', 90000),
('PM2983', 2983, '2024-12-11', 'COD', 20000),
('PM2984', 2984, '2024-12-16', 'QRIS', 35000),
('PM2985', 2985, '2024-12-02', 'QRIS', 90000),
('PM2986', 2986, '2024-12-23', 'COD', 90000),
('PM2987', 2987, '2024-12-22', 'QRIS', 20000),
('PM2989', 2989, '2024-12-16', 'QRIS', 90000),
('PM2990', 2990, '2024-12-14', 'COD', 40000),
('PM2992', 2992, '2024-12-06', 'QRIS', 20000),
('PM2994', 2994, '2024-12-07', 'QRIS', 35000),
('PM2995', 2995, '2024-12-19', 'COD', 35000),
('PM2996', 2996, '2024-12-14', 'COD', 45000),
('PM2997', 2997, '2024-12-21', 'COD', 35000),
('PM2998', 2998, '2024-12-18', 'COD', 35000),
('PM2999', 2999, '2024-12-20', 'QRIS', 35000),
('PM3000', 3000, '2024-12-16', 'QRIS', 35000),
('PM3001', 3001, '2024-12-01', 'COD', 40000),
('PM3002', 3002, '2024-12-02', 'COD', 35000),
('PM3004', 3004, '2024-12-02', 'QRIS', 150000),
('PM3005', 3005, '2024-12-03', 'COD', 150000),
('PM3006', 3006, '2024-12-10', 'QRIS', 70000),
('PM3007', 3007, '2024-12-10', 'COD', 35000),
('PM3008', 3008, '2024-12-10', 'COD', 40000),
('PM3009', 3009, '2024-12-10', 'COD', 40000);

-- --------------------------------------------------------

--
-- Struktur dari tabel `pengeluaran`
--

CREATE TABLE `pengeluaran` (
  `ID_Pengeluaran` int NOT NULL,
  `Tanggal_Pembelian` date NOT NULL,
  `Nama_Barang` varchar(255) CHARACTER SET utf8mb4 COLLATE utf8mb4_general_ci NOT NULL,
  `Harga_Satuan` decimal(10,0) NOT NULL,
  `Total` int NOT NULL,
  `Jumlah_Harga` decimal(10,0) NOT NULL
) ENGINE=InnoDB DEFAULT CHARSET=utf8mb4 COLLATE=utf8mb4_general_ci;

--
-- Dumping data untuk tabel `pengeluaran`
--

INSERT INTO `pengeluaran` (`ID_Pengeluaran`, `Tanggal_Pembelian`, `Nama_Barang`, `Harga_Satuan`, `Total`, `Jumlah_Harga`) VALUES
(1, '2024-01-27', 'Pewangi', 20000, 3, 60000),
(2, '2024-01-26', 'Bahan Repaint', 75000, 2, 150000),
(3, '2024-01-18', 'Bahan Repaint', 75000, 5, 375000),
(4, '2024-01-22', 'Alat Pembersih Sepatu', 50000, 1, 50000),
(5, '2024-01-06', 'Sikat', 15000, 1, 15000),
(6, '2024-01-05', 'Sikat', 15000, 4, 60000),
(7, '2024-01-06', 'Deterjen', 30000, 5, 150000),
(8, '2024-01-15', 'Bahan Repaint', 75000, 2, 150000),
(9, '2024-01-23', 'Sikat', 15000, 3, 45000),
(10, '2024-01-19', 'Deterjen', 30000, 2, 60000),
(11, '2024-01-10', 'Sikat', 15000, 4, 60000),
(12, '2024-01-27', 'Deterjen', 30000, 4, 120000),
(13, '2024-01-28', 'Deterjen', 30000, 3, 90000),
(14, '2024-01-05', 'Pewangi', 20000, 4, 80000),
(15, '2024-01-14', 'Deterjen', 30000, 4, 120000),
(16, '2024-01-16', 'Alat Pembersih Sepatu', 50000, 5, 250000),
(17, '2024-02-21', 'Pewangi', 20000, 2, 40000),
(18, '2024-03-20', 'Deterjen', 30000, 2, 60000),
(19, '2024-03-21', 'Alat Pembersih Sepatu', 50000, 1, 50000),
(20, '2024-03-17', 'Deterjen', 30000, 5, 150000),
(21, '2024-03-18', 'Bahan Repaint', 75000, 2, 150000),
(22, '2024-02-19', 'Sikat', 15000, 5, 75000),
(23, '2024-02-02', 'Sikat', 15000, 2, 30000),
(24, '2024-02-15', 'Alat Pembersih Sepatu', 50000, 2, 100000),
(26, '2024-03-10', 'Alat Pembersih Sepatu', 50000, 2, 100000),
(27, '2024-02-04', 'Deterjen', 30000, 2, 60000),
(28, '2024-03-17', 'Deterjen', 30000, 4, 120000),
(29, '2024-02-10', 'Bahan Repaint', 75000, 5, 375000),
(30, '2024-02-23', 'Alat Pembersih Sepatu', 50000, 2, 100000),
(31, '2024-03-19', 'Deterjen', 30000, 3, 90000),
(32, '2024-02-21', 'Deterjen', 30000, 3, 90000),
(33, '2024-02-25', 'Deterjen', 30000, 5, 150000),
(34, '2024-03-02', 'Alat Pembersih Sepatu', 50000, 2, 100000),
(35, '2024-03-11', 'Bahan Repaint', 75000, 4, 300000),
(36, '2024-02-08', 'Sikat', 15000, 1, 15000),
(37, '2024-02-17', 'Pewangi', 20000, 5, 100000),
(38, '2024-02-03', 'Deterjen', 30000, 1, 30000),
(39, '2024-02-06', 'Alat Pembersih Sepatu', 50000, 4, 200000),
(40, '2024-03-24', 'Alat Pembersih Sepatu', 50000, 1, 50000),
(41, '2024-03-21', 'Pewangi', 20000, 5, 100000),
(42, '2024-03-13', 'Sikat', 15000, 2, 30000),
(43, '2024-03-04', 'Bahan Repaint', 75000, 1, 75000),
(44, '2024-03-20', 'Alat Pembersih Sepatu', 50000, 1, 50000),
(45, '2024-03-01', 'Deterjen', 30000, 1, 30000),
(46, '2024-03-14', 'Alat Pembersih Sepatu', 50000, 2, 100000),
(47, '2024-03-07', 'Bahan Repaint', 75000, 2, 150000),
(48, '2024-03-06', 'Deterjen', 30000, 5, 150000),
(49, '2024-03-17', 'Sikat', 15000, 2, 30000),
(50, '2024-03-07', 'Sikat', 15000, 2, 30000),
(51, '2024-03-11', 'Alat Pembersih Sepatu', 50000, 2, 100000),
(52, '2024-03-17', 'Alat Pembersih Sepatu', 50000, 3, 150000),
(53, '2024-03-16', 'Bahan Repaint', 75000, 2, 150000),
(54, '2024-03-18', 'Pewangi', 20000, 1, 20000),
(55, '2024-03-14', 'Alat Pembersih Sepatu', 50000, 4, 200000),
(56, '2024-03-19', 'Pewangi', 20000, 2, 40000),
(57, '2024-03-19', 'Sikat', 15000, 1, 15000),
(58, '2024-03-06', 'Bahan Repaint', 75000, 1, 75000),
(59, '2024-04-20', 'Pewangi', 20000, 5, 100000),
(60, '2024-04-05', 'Bahan Repaint', 75000, 4, 300000),
(61, '2024-04-14', 'Bahan Repaint', 75000, 1, 75000),
(62, '2024-05-07', 'Alat Pembersih Sepatu', 50000, 5, 250000),
(63, '2024-04-26', 'Pewangi', 20000, 3, 60000),
(64, '2024-04-07', 'Alat Pembersih Sepatu', 50000, 2, 100000),
(65, '2024-04-09', 'Pewangi', 20000, 2, 40000),
(66, '2024-05-20', 'Sikat', 15000, 2, 30000),
(67, '2024-05-26', 'Deterjen', 30000, 4, 120000),
(68, '2024-04-13', 'Bahan Repaint', 75000, 4, 300000),
(69, '2024-04-26', 'Pewangi', 20000, 1, 20000),
(70, '2024-05-09', 'Alat Pembersih Sepatu', 50000, 2, 100000),
(71, '2024-05-04', 'Sikat', 15000, 3, 45000),
(72, '2024-05-15', 'Bahan Repaint', 75000, 2, 150000),
(73, '2024-05-06', 'Deterjen', 30000, 3, 90000),
(74, '2024-05-26', 'Sikat', 15000, 1, 15000),
(75, '2024-05-15', 'Bahan Repaint', 75000, 1, 75000),
(76, '2024-05-17', 'Deterjen', 30000, 3, 90000),
(77, '2024-05-07', 'Alat Pembersih Sepatu', 50000, 5, 250000),
(78, '2024-05-28', 'Sikat', 15000, 1, 15000),
(79, '2024-05-10', 'Deterjen', 30000, 2, 60000),
(80, '2024-05-21', 'Sikat', 15000, 5, 75000),
(81, '2024-06-04', 'Alat Pembersih Sepatu', 50000, 2, 100000),
(82, '2024-07-02', 'Alat Pembersih Sepatu', 50000, 5, 250000),
(83, '2024-06-29', 'Pewangi', 20000, 5, 100000),
(84, '2024-07-02', 'Sikat', 15000, 3, 45000),
(85, '2024-06-08', 'Deterjen', 30000, 4, 120000),
(86, '2024-06-25', 'Pewangi', 20000, 3, 60000),
(87, '2024-07-16', 'Deterjen', 30000, 3, 90000),
(88, '2024-06-04', 'Bahan Repaint', 75000, 2, 150000),
(89, '2024-06-26', 'Pewangi', 20000, 5, 100000),
(90, '2024-07-14', 'Sikat', 15000, 2, 30000),
(91, '2024-06-27', 'Sikat', 15000, 3, 45000),
(92, '2024-07-03', 'Pewangi', 20000, 4, 80000),
(93, '2024-07-04', 'Pewangi', 20000, 1, 20000),
(94, '2024-06-07', 'Alat Pembersih Sepatu', 50000, 5, 250000),
(95, '2024-07-05', 'Pewangi', 20000, 5, 100000),
(96, '2024-07-03', 'Bahan Repaint', 75000, 5, 375000),
(97, '2024-07-02', 'Pewangi', 20000, 2, 40000),
(98, '2024-07-04', 'Pewangi', 20000, 2, 40000),
(99, '2024-07-28', 'Bahan Repaint', 75000, 2, 150000),
(100, '2024-07-03', 'Pewangi', 20000, 4, 80000),
(101, '2024-07-19', 'Sikat', 15000, 2, 30000),
(102, '2024-07-11', 'Deterjen', 30000, 1, 30000),
(103, '2024-07-20', 'Deterjen', 30000, 3, 90000),
(104, '2024-07-23', 'Deterjen', 30000, 4, 120000),
(105, '2024-07-27', 'Pewangi', 20000, 3, 60000),
(106, '2024-07-24', 'Bahan Repaint', 75000, 1, 75000),
(107, '2024-08-18', 'Bahan Repaint', 75000, 4, 300000),
(108, '2024-08-11', 'Pewangi', 20000, 4, 80000),
(109, '2024-08-09', 'Sikat', 15000, 3, 45000),
(110, '2024-08-03', 'Bahan Repaint', 75000, 5, 375000),
(111, '2024-08-09', 'Alat Pembersih Sepatu', 50000, 5, 250000),
(112, '2024-08-19', 'Pewangi', 20000, 5, 100000),
(113, '2024-08-27', 'Alat Pembersih Sepatu', 50000, 1, 50000),
(114, '2024-08-13', 'Bahan Repaint', 75000, 2, 150000),
(115, '2024-08-23', 'Sikat', 15000, 4, 60000),
(116, '2024-08-09', 'Deterjen', 30000, 5, 150000),
(117, '2024-08-24', 'Alat Pembersih Sepatu', 50000, 2, 100000),
(118, '2024-09-16', 'Alat Pembersih Sepatu', 50000, 5, 250000),
(119, '2024-09-06', 'Pewangi', 20000, 3, 60000),
(120, '2024-09-24', 'Pewangi', 20000, 1, 20000),
(121, '2024-09-11', 'Bahan Repaint', 75000, 3, 225000),
(122, '2024-09-27', 'Bahan Repaint', 75000, 1, 75000),
(123, '2024-09-21', 'Pewangi', 20000, 2, 40000),
(124, '2024-10-20', 'Sikat', 15000, 3, 45000),
(125, '2024-10-20', 'Deterjen', 30000, 5, 150000),
(126, '2024-09-12', 'Pewangi', 20000, 3, 60000),
(127, '2024-09-15', 'Sikat', 15000, 4, 60000),
(128, '2024-09-23', 'Bahan Repaint', 75000, 3, 225000),
(129, '2024-09-13', 'Sikat', 15000, 3, 45000),
(130, '2024-10-20', 'Pewangi', 20000, 5, 100000),
(131, '2024-10-07', 'Pewangi', 20000, 1, 20000),
(132, '2024-10-19', 'Pewangi', 20000, 1, 20000),
(133, '2024-10-17', 'Sikat', 15000, 4, 60000),
(134, '2024-10-06', 'Alat Pembersih Sepatu', 50000, 4, 200000),
(135, '2024-10-08', 'Pewangi', 20000, 2, 40000),
(136, '2024-10-28', 'Sikat', 15000, 2, 30000),
(137, '2024-10-16', 'Sikat', 15000, 4, 60000),
(138, '2024-10-22', 'Alat Pembersih Sepatu', 50000, 2, 100000),
(139, '2024-10-24', 'Deterjen', 30000, 2, 60000),
(140, '2024-10-23', 'Bahan Repaint', 75000, 4, 300000),
(141, '2024-10-02', 'Sikat', 15000, 2, 30000),
(142, '2024-10-10', 'Bahan Repaint', 75000, 3, 225000),
(143, '2024-10-23', 'Pewangi', 20000, 2, 40000),
(144, '2024-10-27', 'Sikat', 15000, 4, 60000),
(145, '2024-10-05', 'Pewangi', 20000, 3, 60000),
(146, '2024-10-19', 'Pewangi', 20000, 2, 40000),
(147, '2024-10-25', 'Alat Pembersih Sepatu', 50000, 3, 150000),
(148, '2024-10-28', 'Deterjen', 30000, 1, 30000),
(149, '2024-12-02', 'Deterjen', 30000, 1, 30000),
(150, '2024-11-09', 'Deterjen', 30000, 2, 60000),
(151, '2024-11-25', 'Sikat', 15000, 5, 75000),
(152, '2024-12-03', 'Bahan Repaint', 75000, 4, 300000),
(153, '2024-12-05', 'Alat Pembersih Sepatu', 50000, 5, 250000),
(154, '2024-12-15', 'Deterjen', 30000, 2, 60000),
(155, '2024-12-09', 'Sikat', 15000, 5, 75000),
(156, '2024-12-09', 'Deterjen', 30000, 1, 30000),
(157, '2024-11-25', 'Sikat', 15000, 4, 60000),
(158, '2024-11-04', 'Pewangi', 20000, 5, 100000),
(159, '2024-12-04', 'Deterjen', 30000, 2, 60000),
(160, '2024-11-02', 'Sikat', 15000, 4, 60000),
(161, '2024-12-25', 'Sikat', 15000, 2, 30000),
(162, '2024-11-25', 'Bahan Repaint', 75000, 2, 150000),
(163, '2024-12-02', 'Pewangi', 20000, 4, 80000),
(164, '2024-12-12', 'Alat Pembersih Sepatu', 50000, 0, 35000);

-- --------------------------------------------------------

--
-- Struktur dari tabel `pesanan`
--

CREATE TABLE `pesanan` (
  `ID_Pesanan` int NOT NULL,
  `Tanggal_Pesanan` date NOT NULL,
  `Treatment_ID` varchar(11) CHARACTER SET utf8mb4 COLLATE utf8mb4_general_ci NOT NULL,
  `Merk_Sepatu` varchar(255) CHARACTER SET utf8mb4 COLLATE utf8mb4_general_ci NOT NULL,
  `Total_Tagihan` int NOT NULL,
  `Status` enum('Belum Selesai','Sudah Selesai') CHARACTER SET utf8mb4 COLLATE utf8mb4_general_ci NOT NULL
) ENGINE=InnoDB DEFAULT CHARSET=utf8mb4 COLLATE=utf8mb4_general_ci;

--
-- Dumping data untuk tabel `pesanan`
--

INSERT INTO `pesanan` (`ID_Pesanan`, `Tanggal_Pesanan`, `Treatment_ID`, `Merk_Sepatu`, `Total_Tagihan`, `Status`) VALUES
(2001, '2024-01-29', 'TM002', 'converse', 15000, 'Sudah Selesai'),
(2002, '2024-01-27', 'TM001', 'jordan', 20000, 'Sudah Selesai'),
(2003, '2024-01-11', 'TM008', 'reebok', 35000, 'Sudah Selesai'),
(2004, '2024-01-25', 'TM001', 'jordan', 20000, 'Sudah Selesai'),
(2005, '2024-01-20', 'TM004', 'new balance', 90000, 'Sudah Selesai'),
(2006, '2024-01-28', 'TM005', 'puma', 40000, 'Sudah Selesai'),
(2007, '2024-01-20', 'TM008', 'skechers', 35000, 'Sudah Selesai'),
(2008, '2024-01-12', 'TM001', 'nike', 20000, 'Sudah Selesai'),
(2009, '2024-01-18', 'TM005', 'vans', 40000, 'Sudah Selesai'),
(2010, '2024-01-04', 'TM002', 'converse', 15000, 'Sudah Selesai'),
(2011, '2024-01-25', 'TM001', 'vans', 20000, 'Sudah Selesai'),
(2012, '2024-01-15', 'TM005', 'skechers', 40000, 'Sudah Selesai'),
(2013, '2024-01-09', 'TM002', 'reebok', 15000, 'Sudah Selesai'),
(2014, '2024-01-22', 'TM008', 'vans', 35000, 'Sudah Selesai'),
(2015, '2024-01-31', 'TM001', 'nike', 20000, 'Sudah Selesai'),
(2016, '2024-01-31', 'TM004', 'vans', 90000, 'Sudah Selesai'),
(2017, '2024-01-07', 'TM006', 'vans', 35000, 'Sudah Selesai'),
(2018, '2024-01-20', 'TM007', 'reebok', 35000, 'Sudah Selesai'),
(2019, '2024-01-17', 'TM005', 'converse', 40000, 'Sudah Selesai'),
(2020, '2024-01-26', 'TM002', 'nike', 15000, 'Sudah Selesai'),
(2021, '2024-01-12', 'TM008', 'asics', 35000, 'Sudah Selesai'),
(2022, '2024-01-15', 'TM006', 'reebok', 35000, 'Sudah Selesai'),
(2023, '2024-01-30', 'TM004', 'vans', 90000, 'Sudah Selesai'),
(2024, '2024-01-08', 'TM002', 'new balance', 15000, 'Sudah Selesai'),
(2025, '2024-01-08', 'TM001', 'reebok', 20000, 'Sudah Selesai'),
(2026, '2024-01-23', 'TM004', 'vans', 90000, 'Sudah Selesai'),
(2027, '2024-01-11', 'TM008', 'adidas', 35000, 'Sudah Selesai'),
(2028, '2024-01-26', 'TM004', 'vans', 90000, 'Sudah Selesai'),
(2029, '2024-01-08', 'TM008', 'converse', 35000, 'Sudah Selesai'),
(2030, '2024-01-10', 'TM002', 'vans', 15000, 'Sudah Selesai'),
(2031, '2024-01-02', 'TM006', 'jordan', 35000, 'Sudah Selesai'),
(2032, '2024-01-19', 'TM006', 'jordan', 35000, 'Sudah Selesai'),
(2033, '2024-01-11', 'TM004', 'adidas', 90000, 'Sudah Selesai'),
(2034, '2024-01-11', 'TM002', 'asics', 15000, 'Sudah Selesai'),
(2035, '2024-01-20', 'TM004', 'puma', 90000, 'Sudah Selesai'),
(2036, '2024-01-26', 'TM001', 'jordan', 20000, 'Sudah Selesai'),
(2037, '2024-01-19', 'TM007', 'jordan', 35000, 'Sudah Selesai'),
(2038, '2024-01-02', 'TM002', 'jordan', 15000, 'Sudah Selesai'),
(2039, '2024-01-27', 'TM008', 'skechers', 35000, 'Sudah Selesai'),
(2040, '2024-01-31', 'TM008', 'puma', 35000, 'Sudah Selesai'),
(2041, '2024-01-08', 'TM006', 'converse', 35000, 'Sudah Selesai'),
(2042, '2024-01-01', 'TM003', 'adidas', 45000, 'Sudah Selesai'),
(2043, '2024-01-08', 'TM004', 'vans', 90000, 'Sudah Selesai'),
(2044, '2024-01-18', 'TM004', 'reebok', 90000, 'Sudah Selesai'),
(2045, '2024-01-15', 'TM004', 'adidas', 90000, 'Sudah Selesai'),
(2046, '2024-01-31', 'TM006', 'asics', 35000, 'Sudah Selesai'),
(2047, '2024-01-26', 'TM004', 'nike', 90000, 'Sudah Selesai'),
(2048, '2024-01-08', 'TM001', 'new balance', 20000, 'Sudah Selesai'),
(2049, '2024-01-14', 'TM002', 'adidas', 15000, 'Sudah Selesai'),
(2050, '2024-01-11', 'TM007', 'nike', 35000, 'Sudah Selesai'),
(2051, '2024-01-04', 'TM005', 'vans', 40000, 'Sudah Selesai'),
(2052, '2024-01-10', 'TM007', 'vans', 35000, 'Sudah Selesai'),
(2053, '2024-01-29', 'TM005', 'skechers', 40000, 'Sudah Selesai'),
(2054, '2024-01-13', 'TM003', 'nike', 45000, 'Sudah Selesai'),
(2055, '2024-01-30', 'TM004', 'adidas', 90000, 'Sudah Selesai'),
(2056, '2024-01-04', 'TM001', 'jordan', 20000, 'Sudah Selesai'),
(2057, '2024-01-27', 'TM002', 'asics', 15000, 'Sudah Selesai'),
(2058, '2024-01-16', 'TM008', 'new balance', 35000, 'Sudah Selesai'),
(2059, '2024-01-31', 'TM004', 'new balance', 90000, 'Sudah Selesai'),
(2060, '2024-01-06', 'TM004', 'vans', 90000, 'Sudah Selesai'),
(2061, '2024-01-29', 'TM007', 'new balance', 35000, 'Sudah Selesai'),
(2062, '2024-01-12', 'TM008', 'adidas', 35000, 'Sudah Selesai'),
(2063, '2024-01-12', 'TM006', 'new balance', 35000, 'Sudah Selesai'),
(2064, '2024-01-24', 'TM002', 'adidas', 15000, 'Sudah Selesai'),
(2065, '2024-01-23', 'TM005', 'skechers', 40000, 'Sudah Selesai'),
(2066, '2024-01-02', 'TM008', 'asics', 35000, 'Sudah Selesai'),
(2067, '2024-01-15', 'TM002', 'adidas', 15000, 'Sudah Selesai'),
(2068, '2024-01-31', 'TM005', 'adidas', 40000, 'Sudah Selesai'),
(2069, '2024-01-23', 'TM003', 'skechers', 45000, 'Sudah Selesai'),
(2070, '2024-01-15', 'TM004', 'adidas', 90000, 'Sudah Selesai'),
(2071, '2024-01-10', 'TM006', 'converse', 35000, 'Sudah Selesai'),
(2072, '2024-01-25', 'TM005', 'vans', 40000, 'Sudah Selesai'),
(2073, '2024-01-19', 'TM006', 'puma', 35000, 'Sudah Selesai'),
(2074, '2024-01-05', 'TM005', 'puma', 40000, 'Sudah Selesai'),
(2075, '2024-01-17', 'TM008', 'converse', 35000, 'Sudah Selesai'),
(2076, '2024-01-29', 'TM008', 'nike', 35000, 'Sudah Selesai'),
(2077, '2024-01-03', 'TM001', 'converse', 20000, 'Sudah Selesai'),
(2078, '2024-01-05', 'TM002', 'new balance', 15000, 'Sudah Selesai'),
(2079, '2024-01-31', 'TM005', 'skechers', 40000, 'Sudah Selesai'),
(2080, '2024-01-30', 'TM008', 'jordan', 35000, 'Sudah Selesai'),
(2081, '2024-01-10', 'TM004', 'vans', 90000, 'Sudah Selesai'),
(2082, '2024-01-26', 'TM004', 'puma', 90000, 'Sudah Selesai'),
(2083, '2024-01-11', 'TM003', 'new balance', 45000, 'Sudah Selesai'),
(2084, '2024-01-17', 'TM003', 'converse', 45000, 'Sudah Selesai'),
(2085, '2024-01-20', 'TM007', 'new balance', 35000, 'Sudah Selesai'),
(2086, '2024-01-17', 'TM004', 'adidas', 90000, 'Sudah Selesai'),
(2087, '2024-01-12', 'TM004', 'reebok', 90000, 'Sudah Selesai'),
(2088, '2024-01-19', 'TM005', 'puma', 40000, 'Sudah Selesai'),
(2089, '2024-01-09', 'TM004', 'adidas', 90000, 'Sudah Selesai'),
(2090, '2024-01-07', 'TM006', 'vans', 35000, 'Sudah Selesai'),
(2091, '2024-01-09', 'TM004', 'vans', 90000, 'Sudah Selesai'),
(2092, '2024-01-13', 'TM006', 'skechers', 35000, 'Sudah Selesai'),
(2093, '2024-01-06', 'TM005', 'reebok', 40000, 'Sudah Selesai'),
(2094, '2024-01-03', 'TM005', 'nike', 40000, 'Sudah Selesai'),
(2095, '2024-01-08', 'TM003', 'vans', 45000, 'Sudah Selesai'),
(2096, '2024-01-31', 'TM006', 'converse', 35000, 'Sudah Selesai'),
(2097, '2024-01-13', 'TM001', 'vans', 20000, 'Sudah Selesai'),
(2098, '2024-01-25', 'TM001', 'new balance', 20000, 'Sudah Selesai'),
(2099, '2024-01-01', 'TM003', 'adidas', 45000, 'Sudah Selesai'),
(2100, '2024-01-10', 'TM008', 'adidas', 35000, 'Sudah Selesai'),
(2101, '2024-01-28', 'TM007', 'puma', 35000, 'Sudah Selesai'),
(2102, '2024-01-09', 'TM007', 'converse', 35000, 'Sudah Selesai'),
(2103, '2024-01-07', 'TM004', 'adidas', 90000, 'Sudah Selesai'),
(2104, '2024-01-24', 'TM001', 'reebok', 20000, 'Sudah Selesai'),
(2105, '2024-01-12', 'TM006', 'adidas', 35000, 'Sudah Selesai'),
(2106, '2024-01-02', 'TM006', 'reebok', 35000, 'Sudah Selesai'),
(2107, '2024-01-15', 'TM003', 'puma', 45000, 'Sudah Selesai'),
(2108, '2024-01-25', 'TM008', 'new balance', 35000, 'Sudah Selesai'),
(2109, '2024-01-17', 'TM008', 'nike', 35000, 'Sudah Selesai'),
(2110, '2024-02-12', 'TM008', 'converse', 35000, 'Sudah Selesai'),
(2111, '2024-03-01', 'TM001', 'asics', 20000, 'Sudah Selesai'),
(2112, '2024-02-14', 'TM001', 'skechers', 20000, 'Sudah Selesai'),
(2113, '2024-03-02', 'TM004', 'reebok', 90000, 'Sudah Selesai'),
(2114, '2024-03-01', 'TM003', 'new balance', 45000, 'Sudah Selesai'),
(2115, '2024-02-10', 'TM005', 'skechers', 40000, 'Sudah Selesai'),
(2116, '2024-02-29', 'TM008', 'vans', 35000, 'Sudah Selesai'),
(2117, '2024-02-21', 'TM002', 'reebok', 15000, 'Sudah Selesai'),
(2118, '2024-02-29', 'TM004', 'vans', 90000, 'Sudah Selesai'),
(2119, '2024-02-15', 'TM002', 'vans', 15000, 'Sudah Selesai'),
(2120, '2024-02-13', 'TM002', 'reebok', 15000, 'Sudah Selesai'),
(2121, '2024-03-01', 'TM002', 'new balance', 15000, 'Sudah Selesai'),
(2122, '2024-02-26', 'TM004', 'puma', 90000, 'Sudah Selesai'),
(2123, '2024-02-21', 'TM004', 'converse', 90000, 'Sudah Selesai'),
(2124, '2024-02-24', 'TM003', 'converse', 45000, 'Sudah Selesai'),
(2125, '2024-02-18', 'TM007', 'skechers', 35000, 'Sudah Selesai'),
(2126, '2024-02-26', 'TM005', 'asics', 40000, 'Sudah Selesai'),
(2127, '2024-02-20', 'TM007', 'new balance', 35000, 'Sudah Selesai'),
(2128, '2024-02-21', 'TM003', 'new balance', 45000, 'Sudah Selesai'),
(2129, '2024-02-19', 'TM003', 'adidas', 45000, 'Sudah Selesai'),
(2130, '2024-02-02', 'TM008', 'jordan', 35000, 'Sudah Selesai'),
(2131, '2024-02-23', 'TM001', 'jordan', 20000, 'Sudah Selesai'),
(2132, '2024-03-01', 'TM003', 'adidas', 45000, 'Sudah Selesai'),
(2133, '2024-02-15', 'TM007', 'vans', 35000, 'Sudah Selesai'),
(2134, '2024-02-02', 'TM008', 'asics', 35000, 'Sudah Selesai'),
(2135, '2024-02-01', 'TM001', 'nike', 20000, 'Sudah Selesai'),
(2136, '2024-02-03', 'TM007', 'nike', 35000, 'Sudah Selesai'),
(2137, '2024-03-01', 'TM003', 'puma', 45000, 'Sudah Selesai'),
(2138, '2024-02-21', 'TM003', 'jordan', 45000, 'Sudah Selesai'),
(2139, '2024-02-07', 'TM006', 'nike', 35000, 'Sudah Selesai'),
(2140, '2024-02-08', 'TM003', 'skechers', 45000, 'Sudah Selesai'),
(2141, '2024-03-01', 'TM008', 'reebok', 35000, 'Sudah Selesai'),
(2142, '2024-02-03', 'TM002', 'nike', 15000, 'Sudah Selesai'),
(2143, '2024-02-17', 'TM005', 'adidas', 40000, 'Sudah Selesai'),
(2144, '2024-02-27', 'TM005', 'asics', 40000, 'Sudah Selesai'),
(2145, '2024-02-20', 'TM004', 'asics', 90000, 'Sudah Selesai'),
(2146, '2024-03-01', 'TM003', 'puma', 45000, 'Sudah Selesai'),
(2147, '2024-03-01', 'TM005', 'jordan', 40000, 'Sudah Selesai'),
(2148, '2024-02-16', 'TM006', 'jordan', 35000, 'Sudah Selesai'),
(2149, '2024-02-03', 'TM002', 'skechers', 15000, 'Sudah Selesai'),
(2150, '2024-02-19', 'TM002', 'new balance', 15000, 'Sudah Selesai'),
(2151, '2024-02-14', 'TM006', 'converse', 35000, 'Sudah Selesai'),
(2152, '2024-02-27', 'TM007', 'new balance', 35000, 'Sudah Selesai'),
(2153, '2024-02-20', 'TM004', 'puma', 90000, 'Sudah Selesai'),
(2154, '2024-02-25', 'TM004', 'nike', 90000, 'Sudah Selesai'),
(2155, '2024-02-16', 'TM002', 'converse', 15000, 'Sudah Selesai'),
(2156, '2024-02-14', 'TM001', 'puma', 20000, 'Sudah Selesai'),
(2157, '2024-02-01', 'TM007', 'adidas', 35000, 'Sudah Selesai'),
(2158, '2024-02-29', 'TM002', 'converse', 15000, 'Sudah Selesai'),
(2159, '2024-02-09', 'TM005', 'reebok', 40000, 'Sudah Selesai'),
(2160, '2024-02-01', 'TM003', 'reebok', 45000, 'Sudah Selesai'),
(2161, '2024-03-01', 'TM007', 'nike', 35000, 'Sudah Selesai'),
(2162, '2024-02-21', 'TM003', 'jordan', 45000, 'Sudah Selesai'),
(2163, '2024-02-21', 'TM004', 'skechers', 90000, 'Sudah Selesai'),
(2164, '2024-02-04', 'TM002', 'reebok', 15000, 'Sudah Selesai'),
(2165, '2024-02-27', 'TM001', 'converse', 20000, 'Sudah Selesai'),
(2166, '2024-02-16', 'TM006', 'adidas', 35000, 'Sudah Selesai'),
(2167, '2024-02-27', 'TM005', 'converse', 40000, 'Sudah Selesai'),
(2168, '2024-02-10', 'TM002', 'asics', 15000, 'Sudah Selesai'),
(2169, '2024-02-20', 'TM002', 'puma', 15000, 'Sudah Selesai'),
(2170, '2024-03-01', 'TM006', 'new balance', 35000, 'Sudah Selesai'),
(2171, '2024-02-12', 'TM002', 'nike', 15000, 'Sudah Selesai'),
(2172, '2024-02-09', 'TM003', 'asics', 45000, 'Sudah Selesai'),
(2173, '2024-02-27', 'TM005', 'converse', 40000, 'Sudah Selesai'),
(2174, '2024-02-08', 'TM002', 'skechers', 15000, 'Sudah Selesai'),
(2175, '2024-02-05', 'TM004', 'jordan', 90000, 'Sudah Selesai'),
(2176, '2024-02-09', 'TM004', 'adidas', 90000, 'Sudah Selesai'),
(2177, '2024-02-21', 'TM001', 'reebok', 20000, 'Sudah Selesai'),
(2178, '2024-02-17', 'TM001', 'puma', 20000, 'Sudah Selesai'),
(2179, '2024-02-28', 'TM004', 'vans', 90000, 'Sudah Selesai'),
(2180, '2024-02-05', 'TM008', 'vans', 35000, 'Sudah Selesai'),
(2181, '2024-02-01', 'TM003', 'skechers', 45000, 'Sudah Selesai'),
(2182, '2024-02-25', 'TM001', 'puma', 20000, 'Sudah Selesai'),
(2183, '2024-02-15', 'TM008', 'asics', 35000, 'Sudah Selesai'),
(2184, '2024-02-10', 'TM002', 'adidas', 15000, 'Sudah Selesai'),
(2185, '2024-02-27', 'TM007', 'new balance', 35000, 'Sudah Selesai'),
(2186, '2024-02-19', 'TM007', 'jordan', 35000, 'Sudah Selesai'),
(2187, '2024-02-02', 'TM001', 'reebok', 20000, 'Sudah Selesai'),
(2188, '2024-02-28', 'TM006', 'adidas', 35000, 'Sudah Selesai'),
(2189, '2024-02-18', 'TM003', 'converse', 45000, 'Sudah Selesai'),
(2190, '2024-02-02', 'TM001', 'adidas', 20000, 'Sudah Selesai'),
(2191, '2024-02-08', 'TM003', 'jordan', 45000, 'Sudah Selesai'),
(2192, '2024-02-24', 'TM001', 'vans', 20000, 'Sudah Selesai'),
(2193, '2024-02-29', 'TM006', 'puma', 35000, 'Sudah Selesai'),
(2194, '2024-02-24', 'TM005', 'adidas', 40000, 'Sudah Selesai'),
(2195, '2024-02-20', 'TM004', 'adidas', 90000, 'Sudah Selesai'),
(2196, '2024-02-15', 'TM001', 'skechers', 20000, 'Sudah Selesai'),
(2197, '2024-02-21', 'TM003', 'converse', 45000, 'Sudah Selesai'),
(2198, '2024-02-14', 'TM005', 'puma', 40000, 'Sudah Selesai'),
(2199, '2024-02-17', 'TM007', 'vans', 35000, 'Sudah Selesai'),
(2200, '2024-02-24', 'TM007', 'converse', 35000, 'Sudah Selesai'),
(2201, '2024-02-05', 'TM001', 'converse', 20000, 'Sudah Selesai'),
(2202, '2024-02-10', 'TM001', 'vans', 20000, 'Sudah Selesai'),
(2203, '2024-02-09', 'TM008', 'new balance', 35000, 'Sudah Selesai'),
(2204, '2024-02-18', 'TM001', 'reebok', 20000, 'Sudah Selesai'),
(2205, '2024-02-21', 'TM002', 'skechers', 15000, 'Sudah Selesai'),
(2206, '2024-02-23', 'TM007', 'new balance', 35000, 'Sudah Selesai'),
(2207, '2024-02-18', 'TM003', 'adidas', 45000, 'Sudah Selesai'),
(2208, '2024-02-05', 'TM003', 'new balance', 45000, 'Sudah Selesai'),
(2209, '2024-02-28', 'TM006', 'adidas', 35000, 'Sudah Selesai'),
(2210, '2024-02-29', 'TM005', 'asics', 40000, 'Sudah Selesai'),
(2211, '2024-02-03', 'TM005', 'reebok', 40000, 'Sudah Selesai'),
(2212, '2024-02-21', 'TM007', 'puma', 35000, 'Sudah Selesai'),
(2213, '2024-02-12', 'TM003', 'puma', 45000, 'Sudah Selesai'),
(2214, '2024-02-11', 'TM008', 'jordan', 35000, 'Sudah Selesai'),
(2215, '2024-03-02', 'TM002', 'jordan', 15000, 'Sudah Selesai'),
(2216, '2024-02-04', 'TM001', 'jordan', 20000, 'Sudah Selesai'),
(2217, '2024-02-21', 'TM007', 'new balance', 35000, 'Sudah Selesai'),
(2218, '2024-02-17', 'TM004', 'nike', 90000, 'Sudah Selesai'),
(2219, '2024-03-01', 'TM004', 'vans', 90000, 'Sudah Selesai'),
(2220, '2024-03-13', 'TM007', 'reebok', 35000, 'Sudah Selesai'),
(2221, '2024-03-18', 'TM003', 'puma', 45000, 'Sudah Selesai'),
(2222, '2024-03-03', 'TM008', 'converse', 35000, ''),
(2223, '2024-03-07', 'TM002', 'skechers', 15000, ''),
(2224, '2024-03-06', 'TM001', 'puma', 20000, ''),
(2225, '2024-03-02', 'TM003', 'reebok', 45000, ''),
(2226, '2024-03-30', 'TM007', 'puma', 35000, ''),
(2227, '2024-03-02', 'TM003', 'reebok', 45000, ''),
(2228, '2024-03-11', 'TM001', 'asics', 20000, ''),
(2229, '2024-03-13', 'TM002', 'nike', 15000, ''),
(2230, '2024-03-17', 'TM002', 'asics', 15000, ''),
(2231, '2024-03-11', 'TM005', 'asics', 40000, ''),
(2232, '2024-03-25', 'TM004', 'new balance', 90000, ''),
(2233, '2024-03-06', 'TM001', 'new balance', 20000, ''),
(2234, '2024-03-07', 'TM002', 'converse', 15000, ''),
(2235, '2024-03-17', 'TM007', 'skechers', 35000, ''),
(2236, '2024-03-20', 'TM003', 'reebok', 45000, ''),
(2237, '2024-03-04', 'TM002', 'vans', 15000, ''),
(2238, '2024-03-28', 'TM002', 'puma', 15000, ''),
(2239, '2024-03-25', 'TM007', 'reebok', 35000, ''),
(2240, '2024-03-31', 'TM008', 'asics', 35000, ''),
(2241, '2024-03-22', 'TM007', 'puma', 35000, ''),
(2242, '2024-03-22', 'TM006', 'new balance', 35000, ''),
(2243, '2024-03-05', 'TM008', 'skechers', 35000, ''),
(2244, '2024-03-02', 'TM006', 'reebok', 35000, ''),
(2245, '2024-03-10', 'TM005', 'new balance', 40000, ''),
(2246, '2024-03-12', 'TM007', 'skechers', 35000, ''),
(2247, '2024-03-13', 'TM001', 'jordan', 20000, ''),
(2248, '2024-03-26', 'TM006', 'puma', 35000, ''),
(2249, '2024-03-11', 'TM003', 'jordan', 45000, ''),
(2250, '2024-03-08', 'TM002', 'vans', 15000, ''),
(2251, '2024-03-30', 'TM001', 'vans', 20000, ''),
(2252, '2024-03-05', 'TM003', 'skechers', 45000, ''),
(2253, '2024-03-28', 'TM004', 'new balance', 90000, ''),
(2254, '2024-03-16', 'TM003', 'jordan', 45000, ''),
(2255, '2024-03-01', 'TM001', 'new balance', 20000, ''),
(2256, '2024-03-16', 'TM005', 'puma', 40000, ''),
(2257, '2024-03-22', 'TM001', 'asics', 20000, ''),
(2258, '2024-03-22', 'TM005', 'vans', 40000, ''),
(2259, '2024-03-04', 'TM001', 'adidas', 20000, ''),
(2260, '2024-03-14', 'TM008', 'skechers', 35000, ''),
(2261, '2024-03-23', 'TM002', 'puma', 15000, ''),
(2262, '2024-03-10', 'TM005', 'new balance', 40000, ''),
(2263, '2024-03-19', 'TM006', 'nike', 35000, ''),
(2264, '2024-03-21', 'TM003', 'new balance', 45000, ''),
(2265, '2024-03-18', 'TM004', 'vans', 90000, ''),
(2266, '2024-03-19', 'TM006', 'jordan', 35000, ''),
(2267, '2024-03-16', 'TM004', 'puma', 90000, ''),
(2268, '2024-03-31', 'TM003', 'vans', 45000, ''),
(2269, '2024-03-09', 'TM003', 'skechers', 45000, ''),
(2270, '2024-03-01', 'TM005', 'new balance', 40000, ''),
(2271, '2024-03-28', 'TM008', 'vans', 35000, ''),
(2272, '2024-03-21', 'TM008', 'new balance', 35000, ''),
(2273, '2024-03-17', 'TM003', 'new balance', 45000, ''),
(2274, '2024-03-30', 'TM006', 'converse', 35000, ''),
(2275, '2024-03-16', 'TM006', 'asics', 35000, ''),
(2276, '2024-03-26', 'TM006', 'converse', 35000, ''),
(2277, '2024-03-16', 'TM003', 'reebok', 45000, ''),
(2278, '2024-03-23', 'TM006', 'asics', 35000, ''),
(2279, '2024-03-14', 'TM004', 'new balance', 90000, ''),
(2280, '2024-03-02', 'TM003', 'converse', 45000, ''),
(2281, '2024-03-06', 'TM001', 'reebok', 20000, ''),
(2282, '2024-03-24', 'TM002', 'skechers', 15000, ''),
(2283, '2024-03-03', 'TM002', 'puma', 15000, ''),
(2284, '2024-03-19', 'TM007', 'new balance', 35000, ''),
(2285, '2024-03-28', 'TM007', 'adidas', 35000, ''),
(2286, '2024-03-14', 'TM004', 'asics', 90000, ''),
(2287, '2024-03-02', 'TM007', 'converse', 35000, ''),
(2288, '2024-03-18', 'TM003', 'puma', 45000, ''),
(2289, '2024-03-03', 'TM003', 'jordan', 45000, ''),
(2290, '2024-03-16', 'TM005', 'converse', 40000, ''),
(2291, '2024-03-05', 'TM004', 'new balance', 90000, ''),
(2292, '2024-03-05', 'TM007', 'asics', 35000, ''),
(2293, '2024-03-20', 'TM006', 'converse', 35000, ''),
(2294, '2024-03-26', 'TM006', 'vans', 35000, ''),
(2295, '2024-03-01', 'TM008', 'asics', 35000, ''),
(2296, '2024-03-07', 'TM006', 'nike', 35000, ''),
(2297, '2024-03-16', 'TM002', 'new balance', 15000, ''),
(2298, '2024-03-05', 'TM008', 'skechers', 35000, ''),
(2299, '2024-03-07', 'TM006', 'vans', 35000, ''),
(2300, '2024-03-28', 'TM003', 'new balance', 45000, ''),
(2301, '2024-03-30', 'TM005', 'adidas', 40000, ''),
(2302, '2024-03-17', 'TM003', 'asics', 45000, ''),
(2303, '2024-03-13', 'TM003', 'jordan', 45000, ''),
(2304, '2024-03-24', 'TM001', 'new balance', 20000, ''),
(2305, '2024-03-07', 'TM005', 'reebok', 40000, ''),
(2306, '2024-03-23', 'TM004', 'vans', 90000, ''),
(2307, '2024-03-24', 'TM002', 'jordan', 15000, ''),
(2308, '2024-03-19', 'TM005', 'reebok', 40000, ''),
(2309, '2024-03-11', 'TM008', 'jordan', 35000, ''),
(2310, '2024-03-07', 'TM004', 'puma', 90000, ''),
(2311, '2024-03-31', 'TM004', 'converse', 90000, ''),
(2312, '2024-03-05', 'TM007', 'jordan', 35000, ''),
(2313, '2024-03-17', 'TM002', 'nike', 15000, ''),
(2314, '2024-03-30', 'TM008', 'asics', 35000, ''),
(2315, '2024-03-30', 'TM004', 'new balance', 90000, ''),
(2316, '2024-03-30', 'TM007', 'converse', 35000, ''),
(2317, '2024-03-12', 'TM007', 'vans', 35000, ''),
(2318, '2024-03-25', 'TM001', 'jordan', 20000, ''),
(2319, '2024-03-10', 'TM001', 'asics', 20000, ''),
(2320, '2024-03-10', 'TM003', 'vans', 45000, ''),
(2321, '2024-03-31', 'TM006', 'nike', 35000, ''),
(2322, '2024-03-19', 'TM001', 'vans', 20000, ''),
(2323, '2024-03-08', 'TM004', 'reebok', 90000, ''),
(2324, '2024-03-25', 'TM008', 'puma', 35000, ''),
(2325, '2024-03-01', 'TM008', 'adidas', 35000, ''),
(2326, '2024-03-30', 'TM006', 'vans', 35000, ''),
(2327, '2024-03-06', 'TM003', 'vans', 45000, ''),
(2328, '2024-04-17', 'TM004', 'asics', 90000, ''),
(2329, '2024-04-13', 'TM002', 'adidas', 15000, ''),
(2330, '2024-04-24', 'TM002', 'vans', 15000, ''),
(2331, '2024-04-12', 'TM003', 'asics', 45000, ''),
(2332, '2024-04-18', 'TM001', 'reebok', 20000, ''),
(2333, '2024-04-09', 'TM004', 'jordan', 90000, ''),
(2334, '2024-04-14', 'TM001', 'vans', 20000, ''),
(2335, '2024-04-30', 'TM008', 'nike', 35000, ''),
(2336, '2024-04-28', 'TM006', 'new balance', 35000, ''),
(2337, '2024-04-12', 'TM008', 'nike', 35000, ''),
(2338, '2024-04-15', 'TM002', 'nike', 15000, ''),
(2339, '2024-04-08', 'TM006', 'vans', 35000, ''),
(2340, '2024-04-17', 'TM002', 'new balance', 15000, ''),
(2341, '2024-04-08', 'TM008', 'reebok', 35000, ''),
(2342, '2024-04-23', 'TM007', 'skechers', 35000, ''),
(2343, '2024-04-14', 'TM006', 'puma', 35000, ''),
(2344, '2024-04-03', 'TM001', 'skechers', 20000, ''),
(2345, '2024-04-11', 'TM007', 'new balance', 35000, ''),
(2346, '2024-04-26', 'TM005', 'puma', 40000, ''),
(2347, '2024-04-19', 'TM001', 'puma', 20000, ''),
(2348, '2024-04-08', 'TM007', 'adidas', 35000, ''),
(2349, '2024-04-23', 'TM003', 'jordan', 45000, ''),
(2350, '2024-04-24', 'TM001', 'puma', 20000, ''),
(2351, '2024-05-01', 'TM008', 'adidas', 35000, ''),
(2352, '2024-04-24', 'TM003', 'new balance', 45000, ''),
(2353, '2024-04-14', 'TM006', 'nike', 35000, ''),
(2354, '2024-04-03', 'TM004', 'jordan', 90000, ''),
(2355, '2024-04-18', 'TM001', 'nike', 20000, ''),
(2356, '2024-04-07', 'TM005', 'new balance', 40000, ''),
(2357, '2024-04-11', 'TM004', 'adidas', 90000, ''),
(2358, '2024-04-09', 'TM008', 'vans', 35000, ''),
(2359, '2024-05-01', 'TM001', 'vans', 20000, ''),
(2360, '2024-04-08', 'TM006', 'skechers', 35000, ''),
(2361, '2024-04-21', 'TM004', 'reebok', 90000, ''),
(2362, '2024-04-16', 'TM007', 'skechers', 35000, ''),
(2363, '2024-04-07', 'TM004', 'reebok', 90000, ''),
(2364, '2024-04-28', 'TM003', 'vans', 45000, ''),
(2365, '2024-04-06', 'TM005', 'new balance', 40000, ''),
(2366, '2024-04-17', 'TM002', 'puma', 15000, ''),
(2367, '2024-04-12', 'TM007', 'asics', 35000, ''),
(2368, '2024-04-15', 'TM002', 'puma', 15000, ''),
(2369, '2024-04-13', 'TM003', 'asics', 45000, ''),
(2370, '2024-04-17', 'TM001', 'adidas', 20000, ''),
(2371, '2024-04-22', 'TM008', 'converse', 35000, ''),
(2372, '2024-04-29', 'TM005', 'asics', 40000, ''),
(2373, '2024-04-27', 'TM008', 'nike', 35000, ''),
(2374, '2024-04-02', 'TM006', 'nike', 35000, ''),
(2375, '2024-04-11', 'TM006', 'new balance', 35000, ''),
(2376, '2024-04-29', 'TM008', 'adidas', 35000, ''),
(2377, '2024-04-01', 'TM003', 'jordan', 45000, ''),
(2378, '2024-04-19', 'TM002', 'converse', 15000, ''),
(2379, '2024-04-20', 'TM006', 'nike', 35000, ''),
(2380, '2024-04-15', 'TM008', 'converse', 35000, ''),
(2381, '2024-04-19', 'TM008', 'converse', 35000, ''),
(2382, '2024-04-10', 'TM001', 'jordan', 20000, ''),
(2383, '2024-04-10', 'TM001', 'nike', 20000, ''),
(2384, '2024-04-19', 'TM006', 'converse', 35000, ''),
(2385, '2024-04-05', 'TM001', 'adidas', 20000, ''),
(2386, '2024-05-13', 'TM002', 'vans', 15000, ''),
(2387, '2024-05-25', 'TM004', 'vans', 90000, ''),
(2388, '2024-05-15', 'TM007', 'puma', 35000, ''),
(2389, '2024-05-10', 'TM007', 'skechers', 35000, ''),
(2390, '2024-05-17', 'TM007', 'jordan', 35000, ''),
(2391, '2024-05-05', 'TM004', 'asics', 90000, ''),
(2392, '2024-05-28', 'TM005', 'new balance', 40000, ''),
(2393, '2024-05-20', 'TM004', 'adidas', 90000, ''),
(2394, '2024-05-16', 'TM005', 'jordan', 40000, ''),
(2395, '2024-05-22', 'TM007', 'puma', 35000, ''),
(2396, '2024-05-04', 'TM003', 'jordan', 45000, ''),
(2397, '2024-05-07', 'TM005', 'reebok', 40000, ''),
(2398, '2024-05-14', 'TM008', 'adidas', 35000, ''),
(2399, '2024-05-18', 'TM003', 'adidas', 45000, ''),
(2400, '2024-05-31', 'TM001', 'nike', 20000, ''),
(2401, '2024-05-29', 'TM004', 'asics', 90000, ''),
(2402, '2024-05-15', 'TM007', 'nike', 35000, ''),
(2403, '2024-05-29', 'TM004', 'asics', 90000, ''),
(2404, '2024-05-05', 'TM007', 'jordan', 35000, ''),
(2405, '2024-05-06', 'TM004', 'jordan', 90000, ''),
(2406, '2024-05-29', 'TM005', 'nike', 40000, ''),
(2407, '2024-05-03', 'TM003', 'nike', 45000, ''),
(2408, '2024-05-22', 'TM007', 'jordan', 35000, ''),
(2409, '2024-05-04', 'TM007', 'adidas', 35000, ''),
(2410, '2024-05-23', 'TM007', 'new balance', 35000, ''),
(2411, '2024-05-15', 'TM004', 'asics', 90000, ''),
(2412, '2024-05-08', 'TM008', 'reebok', 35000, ''),
(2413, '2024-05-31', 'TM003', 'puma', 45000, ''),
(2414, '2024-05-01', 'TM006', 'puma', 35000, ''),
(2415, '2024-05-15', 'TM007', 'puma', 35000, ''),
(2416, '2024-05-20', 'TM007', 'new balance', 35000, ''),
(2417, '2024-05-07', 'TM008', 'vans', 35000, ''),
(2418, '2024-05-29', 'TM006', 'skechers', 35000, ''),
(2419, '2024-05-05', 'TM003', 'converse', 45000, ''),
(2420, '2024-05-29', 'TM003', 'converse', 45000, ''),
(2421, '2024-05-18', 'TM008', 'jordan', 35000, ''),
(2422, '2024-05-05', 'TM007', 'skechers', 35000, ''),
(2423, '2024-05-15', 'TM006', 'nike', 35000, ''),
(2424, '2024-05-30', 'TM004', 'reebok', 90000, ''),
(2425, '2024-05-06', 'TM007', 'reebok', 35000, ''),
(2426, '2024-05-05', 'TM004', 'nike', 90000, ''),
(2427, '2024-05-04', 'TM005', 'vans', 40000, ''),
(2428, '2024-05-08', 'TM005', 'reebok', 40000, ''),
(2429, '2024-05-01', 'TM006', 'puma', 35000, ''),
(2430, '2024-05-31', 'TM005', 'asics', 40000, ''),
(2431, '2024-05-06', 'TM001', 'jordan', 20000, ''),
(2432, '2024-05-12', 'TM007', 'nike', 35000, ''),
(2433, '2024-05-17', 'TM001', 'asics', 20000, ''),
(2434, '2024-05-25', 'TM003', 'nike', 45000, ''),
(2435, '2024-05-11', 'TM008', 'new balance', 35000, ''),
(2436, '2024-05-15', 'TM005', 'jordan', 40000, ''),
(2437, '2024-05-03', 'TM001', 'nike', 20000, ''),
(2438, '2024-05-06', 'TM006', 'converse', 35000, ''),
(2439, '2024-05-22', 'TM003', 'adidas', 45000, ''),
(2440, '2024-05-19', 'TM003', 'adidas', 45000, ''),
(2441, '2024-05-10', 'TM001', 'converse', 20000, ''),
(2442, '2024-05-26', 'TM007', 'skechers', 35000, ''),
(2443, '2024-05-24', 'TM004', 'skechers', 90000, ''),
(2444, '2024-06-18', 'TM005', 'converse', 40000, ''),
(2445, '2024-06-04', 'TM004', 'puma', 90000, ''),
(2446, '2024-06-12', 'TM008', 'asics', 35000, ''),
(2447, '2024-06-18', 'TM002', 'puma', 15000, ''),
(2448, '2024-06-21', 'TM008', 'asics', 35000, ''),
(2449, '2024-06-01', 'TM001', 'new balance', 20000, ''),
(2450, '2024-06-27', 'TM005', 'puma', 40000, ''),
(2451, '2024-06-12', 'TM008', 'reebok', 35000, ''),
(2452, '2024-06-13', 'TM005', 'jordan', 40000, ''),
(2453, '2024-06-22', 'TM003', 'nike', 45000, ''),
(2454, '2024-06-13', 'TM008', 'new balance', 35000, ''),
(2455, '2024-06-22', 'TM003', 'reebok', 45000, ''),
(2456, '2024-06-27', 'TM002', 'jordan', 15000, ''),
(2457, '2024-06-27', 'TM004', 'vans', 90000, ''),
(2458, '2024-06-13', 'TM003', 'adidas', 45000, ''),
(2459, '2024-06-08', 'TM001', 'vans', 20000, ''),
(2460, '2024-06-02', 'TM002', 'nike', 15000, ''),
(2461, '2024-06-11', 'TM007', 'new balance', 35000, ''),
(2462, '2024-06-24', 'TM004', 'asics', 90000, ''),
(2463, '2024-06-12', 'TM007', 'new balance', 35000, ''),
(2464, '2024-06-13', 'TM007', 'asics', 35000, ''),
(2465, '2024-06-19', 'TM007', 'vans', 35000, ''),
(2466, '2024-06-17', 'TM008', 'jordan', 35000, ''),
(2467, '2024-06-05', 'TM002', 'jordan', 15000, ''),
(2468, '2024-06-23', 'TM002', 'nike', 15000, ''),
(2469, '2024-06-28', 'TM006', 'converse', 35000, ''),
(2470, '2024-06-29', 'TM006', 'new balance', 35000, ''),
(2471, '2024-06-30', 'TM008', 'puma', 35000, ''),
(2472, '2024-06-19', 'TM004', 'skechers', 90000, ''),
(2473, '2024-06-06', 'TM006', 'converse', 35000, ''),
(2474, '2024-06-10', 'TM003', 'new balance', 45000, ''),
(2475, '2024-06-16', 'TM004', 'vans', 90000, ''),
(2476, '2024-06-29', 'TM006', 'converse', 35000, ''),
(2477, '2024-06-14', 'TM005', 'reebok', 40000, ''),
(2478, '2024-06-28', 'TM002', 'reebok', 15000, ''),
(2479, '2024-06-08', 'TM002', 'new balance', 15000, ''),
(2480, '2024-06-14', 'TM004', 'nike', 90000, ''),
(2481, '2024-07-01', 'TM007', 'reebok', 35000, ''),
(2482, '2024-06-03', 'TM002', 'nike', 15000, ''),
(2483, '2024-06-19', 'TM005', 'converse', 40000, ''),
(2484, '2024-06-05', 'TM003', 'jordan', 45000, ''),
(2485, '2024-06-25', 'TM008', 'asics', 35000, ''),
(2486, '2024-06-13', 'TM007', 'asics', 35000, ''),
(2487, '2024-06-21', 'TM004', 'asics', 90000, ''),
(2488, '2024-06-26', 'TM001', 'vans', 20000, ''),
(2489, '2024-06-02', 'TM004', 'new balance', 90000, ''),
(2490, '2024-07-01', 'TM001', 'skechers', 20000, ''),
(2491, '2024-06-17', 'TM002', 'converse', 15000, ''),
(2492, '2024-06-28', 'TM005', 'asics', 40000, ''),
(2493, '2024-06-28', 'TM002', 'converse', 15000, ''),
(2494, '2024-06-21', 'TM006', 'reebok', 35000, ''),
(2495, '2024-06-03', 'TM001', 'adidas', 20000, ''),
(2496, '2024-06-28', 'TM002', 'converse', 15000, ''),
(2497, '2024-06-06', 'TM003', 'nike', 45000, ''),
(2498, '2024-06-11', 'TM006', 'reebok', 35000, ''),
(2499, '2024-06-24', 'TM002', 'nike', 15000, ''),
(2500, '2024-06-05', 'TM007', 'puma', 35000, ''),
(2501, '2024-06-07', 'TM005', 'reebok', 40000, ''),
(2502, '2024-07-23', 'TM004', 'jordan', 90000, ''),
(2503, '2024-07-14', 'TM002', 'skechers', 15000, ''),
(2504, '2024-07-31', 'TM001', 'new balance', 20000, ''),
(2505, '2024-07-27', 'TM002', 'converse', 15000, ''),
(2506, '2024-07-20', 'TM005', 'adidas', 40000, ''),
(2507, '2024-07-17', 'TM005', 'reebok', 40000, ''),
(2508, '2024-07-20', 'TM003', 'asics', 45000, ''),
(2509, '2024-07-09', 'TM008', 'skechers', 35000, ''),
(2510, '2024-07-04', 'TM001', 'puma', 20000, ''),
(2511, '2024-07-12', 'TM007', 'converse', 35000, ''),
(2512, '2024-07-02', 'TM002', 'reebok', 15000, ''),
(2513, '2024-07-19', 'TM008', 'asics', 35000, ''),
(2514, '2024-07-18', 'TM003', 'skechers', 45000, ''),
(2515, '2024-07-05', 'TM007', 'asics', 35000, ''),
(2516, '2024-07-15', 'TM001', 'adidas', 20000, ''),
(2517, '2024-07-20', 'TM003', 'new balance', 45000, ''),
(2518, '2024-07-21', 'TM005', 'reebok', 40000, ''),
(2519, '2024-07-09', 'TM007', 'vans', 35000, ''),
(2520, '2024-07-14', 'TM004', 'reebok', 90000, ''),
(2521, '2024-07-01', 'TM005', 'jordan', 40000, ''),
(2522, '2024-07-23', 'TM003', 'converse', 45000, ''),
(2523, '2024-07-15', 'TM004', 'converse', 90000, ''),
(2524, '2024-07-04', 'TM008', 'vans', 35000, ''),
(2525, '2024-07-13', 'TM008', 'reebok', 35000, ''),
(2526, '2024-07-22', 'TM003', 'jordan', 45000, ''),
(2527, '2024-07-16', 'TM003', 'jordan', 45000, ''),
(2528, '2024-07-28', 'TM008', 'nike', 35000, ''),
(2529, '2024-07-10', 'TM007', 'skechers', 35000, ''),
(2530, '2024-07-02', 'TM004', 'vans', 90000, ''),
(2531, '2024-07-23', 'TM008', 'nike', 35000, ''),
(2532, '2024-07-04', 'TM003', 'puma', 45000, ''),
(2533, '2024-07-28', 'TM003', 'vans', 45000, ''),
(2534, '2024-07-27', 'TM002', 'new balance', 15000, ''),
(2535, '2024-07-06', 'TM001', 'skechers', 20000, ''),
(2536, '2024-07-16', 'TM005', 'vans', 40000, ''),
(2537, '2024-07-21', 'TM006', 'reebok', 35000, ''),
(2538, '2024-07-30', 'TM008', 'jordan', 35000, ''),
(2539, '2024-07-10', 'TM001', 'adidas', 20000, ''),
(2540, '2024-07-05', 'TM001', 'vans', 20000, ''),
(2541, '2024-07-21', 'TM004', 'nike', 90000, ''),
(2542, '2024-07-12', 'TM005', 'asics', 40000, ''),
(2543, '2024-07-06', 'TM001', 'nike', 20000, ''),
(2544, '2024-07-20', 'TM007', 'puma', 35000, ''),
(2545, '2024-07-11', 'TM007', 'asics', 35000, ''),
(2546, '2024-07-22', 'TM007', 'asics', 35000, ''),
(2547, '2024-07-05', 'TM002', 'reebok', 15000, ''),
(2548, '2024-07-03', 'TM005', 'converse', 40000, ''),
(2549, '2024-07-24', 'TM005', 'nike', 40000, ''),
(2550, '2024-07-30', 'TM006', 'adidas', 35000, ''),
(2551, '2024-07-19', 'TM003', 'converse', 45000, ''),
(2552, '2024-07-10', 'TM007', 'new balance', 35000, ''),
(2553, '2024-07-07', 'TM004', 'nike', 90000, ''),
(2554, '2024-07-23', 'TM007', 'asics', 35000, ''),
(2555, '2024-07-29', 'TM005', 'reebok', 40000, ''),
(2556, '2024-07-25', 'TM006', 'new balance', 35000, ''),
(2557, '2024-07-18', 'TM003', 'nike', 45000, ''),
(2558, '2024-07-20', 'TM006', 'adidas', 35000, ''),
(2559, '2024-07-26', 'TM006', 'new balance', 35000, ''),
(2560, '2024-08-03', 'TM005', 'puma', 40000, ''),
(2561, '2024-08-03', 'TM005', 'nike', 40000, ''),
(2562, '2024-08-09', 'TM005', 'new balance', 40000, ''),
(2563, '2024-08-26', 'TM004', 'new balance', 90000, ''),
(2564, '2024-08-21', 'TM005', 'asics', 40000, ''),
(2565, '2024-08-22', 'TM007', 'new balance', 35000, ''),
(2566, '2024-08-01', 'TM004', 'skechers', 90000, ''),
(2567, '2024-08-26', 'TM006', 'nike', 35000, ''),
(2568, '2024-08-30', 'TM003', 'vans', 45000, ''),
(2569, '2024-08-13', 'TM004', 'skechers', 90000, ''),
(2570, '2024-08-21', 'TM004', 'reebok', 90000, ''),
(2571, '2024-08-19', 'TM008', 'converse', 35000, ''),
(2572, '2024-08-14', 'TM005', 'adidas', 40000, ''),
(2573, '2024-08-19', 'TM004', 'asics', 90000, ''),
(2574, '2024-08-10', 'TM002', 'reebok', 15000, ''),
(2575, '2024-08-07', 'TM004', 'converse', 90000, ''),
(2576, '2024-08-19', 'TM008', 'asics', 35000, ''),
(2577, '2024-08-01', 'TM002', 'new balance', 15000, ''),
(2578, '2024-08-03', 'TM006', 'reebok', 35000, ''),
(2579, '2024-08-02', 'TM001', 'reebok', 20000, ''),
(2580, '2024-08-13', 'TM005', 'vans', 40000, ''),
(2581, '2024-08-16', 'TM001', 'converse', 20000, ''),
(2582, '2024-08-05', 'TM007', 'jordan', 35000, ''),
(2583, '2024-08-31', 'TM007', 'skechers', 35000, ''),
(2584, '2024-08-10', 'TM005', 'adidas', 40000, ''),
(2585, '2024-08-03', 'TM001', 'puma', 20000, ''),
(2586, '2024-08-29', 'TM004', 'nike', 90000, ''),
(2587, '2024-08-23', 'TM005', 'vans', 40000, ''),
(2588, '2024-08-01', 'TM006', 'adidas', 35000, ''),
(2589, '2024-08-24', 'TM005', 'converse', 40000, ''),
(2590, '2024-08-26', 'TM008', 'skechers', 35000, ''),
(2591, '2024-08-11', 'TM003', 'converse', 45000, ''),
(2592, '2024-08-12', 'TM006', 'new balance', 35000, ''),
(2593, '2024-08-29', 'TM002', 'nike', 15000, ''),
(2594, '2024-08-17', 'TM001', 'skechers', 20000, ''),
(2595, '2024-08-06', 'TM005', 'adidas', 40000, ''),
(2596, '2024-08-06', 'TM005', 'reebok', 40000, ''),
(2597, '2024-08-08', 'TM008', 'asics', 35000, ''),
(2598, '2024-08-22', 'TM003', 'jordan', 45000, ''),
(2599, '2024-08-01', 'TM007', 'asics', 35000, ''),
(2600, '2024-08-29', 'TM007', 'converse', 35000, ''),
(2601, '2024-08-22', 'TM001', 'asics', 20000, ''),
(2602, '2024-08-23', 'TM001', 'reebok', 20000, ''),
(2603, '2024-08-05', 'TM004', 'vans', 90000, ''),
(2604, '2024-08-28', 'TM007', 'new balance', 35000, ''),
(2605, '2024-08-22', 'TM005', 'puma', 40000, ''),
(2606, '2024-08-08', 'TM003', 'nike', 45000, ''),
(2607, '2024-08-16', 'TM005', 'vans', 40000, ''),
(2608, '2024-08-24', 'TM003', 'skechers', 45000, ''),
(2609, '2024-08-18', 'TM005', 'nike', 40000, ''),
(2610, '2024-08-31', 'TM006', 'puma', 35000, ''),
(2611, '2024-08-26', 'TM005', 'puma', 40000, ''),
(2612, '2024-08-28', 'TM006', 'new balance', 35000, ''),
(2613, '2024-08-23', 'TM002', 'skechers', 15000, ''),
(2614, '2024-08-10', 'TM007', 'asics', 35000, ''),
(2615, '2024-08-09', 'TM005', 'converse', 40000, ''),
(2616, '2024-08-27', 'TM005', 'adidas', 40000, ''),
(2617, '2024-08-15', 'TM007', 'adidas', 35000, ''),
(2618, '2024-09-22', 'TM005', 'skechers', 40000, ''),
(2619, '2024-09-19', 'TM005', 'vans', 40000, ''),
(2620, '2024-09-04', 'TM008', 'puma', 35000, ''),
(2621, '2024-09-30', 'TM007', 'skechers', 35000, ''),
(2622, '2024-09-16', 'TM001', 'reebok', 20000, ''),
(2623, '2024-09-19', 'TM007', 'adidas', 35000, ''),
(2624, '2024-09-28', 'TM002', 'asics', 15000, ''),
(2625, '2024-09-18', 'TM003', 'puma', 45000, ''),
(2626, '2024-09-28', 'TM008', 'adidas', 35000, ''),
(2627, '2024-09-03', 'TM007', 'reebok', 35000, ''),
(2628, '2024-09-05', 'TM002', 'reebok', 15000, ''),
(2629, '2024-09-05', 'TM001', 'jordan', 20000, ''),
(2630, '2024-09-27', 'TM005', 'vans', 40000, ''),
(2631, '2024-09-05', 'TM007', 'asics', 35000, ''),
(2632, '2024-09-27', 'TM002', 'new balance', 15000, ''),
(2633, '2024-09-20', 'TM004', 'vans', 90000, ''),
(2634, '2024-09-11', 'TM003', 'reebok', 45000, ''),
(2635, '2024-09-18', 'TM003', 'asics', 45000, ''),
(2636, '2024-09-05', 'TM004', 'adidas', 90000, ''),
(2637, '2024-09-06', 'TM002', 'reebok', 15000, ''),
(2638, '2024-09-10', 'TM008', 'nike', 35000, ''),
(2639, '2024-09-24', 'TM008', 'converse', 35000, ''),
(2640, '2024-09-26', 'TM005', 'skechers', 40000, ''),
(2641, '2024-09-16', 'TM003', 'new balance', 45000, ''),
(2642, '2024-09-04', 'TM007', 'asics', 35000, ''),
(2643, '2024-09-30', 'TM008', 'new balance', 35000, ''),
(2644, '2024-09-12', 'TM008', 'puma', 35000, ''),
(2645, '2024-09-04', 'TM003', 'reebok', 45000, ''),
(2646, '2024-09-24', 'TM002', 'jordan', 15000, ''),
(2647, '2024-09-08', 'TM007', 'reebok', 35000, ''),
(2648, '2024-09-09', 'TM001', 'jordan', 20000, ''),
(2649, '2024-09-15', 'TM005', 'converse', 40000, ''),
(2650, '2024-09-27', 'TM006', 'jordan', 35000, ''),
(2651, '2024-09-24', 'TM004', 'vans', 90000, ''),
(2652, '2024-09-07', 'TM008', 'converse', 35000, ''),
(2653, '2024-09-17', 'TM005', 'converse', 40000, ''),
(2654, '2024-09-15', 'TM007', 'jordan', 35000, ''),
(2655, '2024-09-18', 'TM001', 'adidas', 20000, ''),
(2656, '2024-09-17', 'TM001', 'adidas', 20000, ''),
(2657, '2024-09-07', 'TM007', 'converse', 35000, ''),
(2658, '2024-09-03', 'TM006', 'reebok', 35000, ''),
(2659, '2024-09-15', 'TM001', 'adidas', 20000, ''),
(2660, '2024-09-06', 'TM003', 'new balance', 45000, ''),
(2661, '2024-09-24', 'TM001', 'jordan', 20000, ''),
(2662, '2024-09-26', 'TM001', 'reebok', 20000, ''),
(2663, '2024-10-01', 'TM002', 'converse', 15000, ''),
(2664, '2024-09-12', 'TM006', 'vans', 35000, ''),
(2665, '2024-09-19', 'TM002', 'adidas', 15000, ''),
(2666, '2024-09-19', 'TM007', 'converse', 35000, ''),
(2667, '2024-09-10', 'TM007', 'adidas', 35000, ''),
(2668, '2024-09-20', 'TM001', 'asics', 20000, ''),
(2669, '2024-09-29', 'TM008', 'nike', 35000, ''),
(2670, '2024-09-04', 'TM003', 'adidas', 45000, ''),
(2671, '2024-09-27', 'TM004', 'puma', 90000, ''),
(2672, '2024-09-02', 'TM006', 'converse', 35000, ''),
(2673, '2024-09-09', 'TM003', 'nike', 45000, ''),
(2674, '2024-09-27', 'TM002', 'adidas', 15000, ''),
(2675, '2024-09-11', 'TM002', 'skechers', 15000, ''),
(2676, '2024-10-28', 'TM001', 'nike', 20000, ''),
(2677, '2024-10-27', 'TM003', 'skechers', 45000, ''),
(2678, '2024-10-25', 'TM004', 'nike', 90000, ''),
(2679, '2024-10-28', 'TM001', 'skechers', 20000, ''),
(2680, '2024-10-23', 'TM008', 'new balance', 35000, ''),
(2681, '2024-10-19', 'TM001', 'jordan', 20000, ''),
(2682, '2024-10-20', 'TM003', 'nike', 45000, ''),
(2683, '2024-10-07', 'TM007', 'asics', 35000, ''),
(2684, '2024-10-10', 'TM007', 'jordan', 35000, ''),
(2685, '2024-10-11', 'TM001', 'vans', 20000, ''),
(2686, '2024-10-06', 'TM006', 'new balance', 35000, ''),
(2687, '2024-10-02', 'TM007', 'vans', 35000, ''),
(2688, '2024-10-22', 'TM006', 'puma', 35000, ''),
(2689, '2024-10-11', 'TM007', 'skechers', 35000, ''),
(2690, '2024-10-18', 'TM002', 'puma', 15000, ''),
(2691, '2024-10-04', 'TM002', 'converse', 15000, ''),
(2692, '2024-10-11', 'TM004', 'vans', 90000, ''),
(2693, '2024-10-17', 'TM005', 'nike', 40000, ''),
(2694, '2024-10-01', 'TM004', 'asics', 90000, ''),
(2695, '2024-10-19', 'TM003', 'nike', 45000, ''),
(2696, '2024-10-01', 'TM006', 'vans', 35000, ''),
(2697, '2024-10-08', 'TM008', 'adidas', 35000, ''),
(2698, '2024-10-12', 'TM003', 'converse', 45000, ''),
(2699, '2024-10-17', 'TM007', 'reebok', 35000, ''),
(2700, '2024-10-18', 'TM001', 'converse', 20000, ''),
(2701, '2024-10-13', 'TM004', 'reebok', 90000, ''),
(2702, '2024-10-04', 'TM003', 'puma', 45000, ''),
(2703, '2024-10-30', 'TM005', 'reebok', 40000, ''),
(2704, '2024-10-12', 'TM008', 'skechers', 35000, ''),
(2705, '2024-10-13', 'TM006', 'vans', 35000, ''),
(2706, '2024-10-02', 'TM006', 'vans', 35000, ''),
(2707, '2024-10-13', 'TM005', 'vans', 40000, ''),
(2708, '2024-10-20', 'TM003', 'skechers', 45000, ''),
(2709, '2024-10-21', 'TM008', 'puma', 35000, ''),
(2710, '2024-10-15', 'TM008', 'new balance', 35000, ''),
(2711, '2024-10-13', 'TM005', 'converse', 40000, ''),
(2712, '2024-10-28', 'TM005', 'nike', 40000, ''),
(2713, '2024-10-10', 'TM005', 'asics', 40000, ''),
(2714, '2024-10-05', 'TM007', 'skechers', 35000, ''),
(2715, '2024-10-16', 'TM001', 'puma', 20000, ''),
(2716, '2024-10-02', 'TM001', 'asics', 20000, ''),
(2717, '2024-10-29', 'TM006', 'nike', 35000, ''),
(2718, '2024-10-08', 'TM007', 'asics', 35000, ''),
(2719, '2024-10-24', 'TM004', 'reebok', 90000, ''),
(2720, '2024-10-12', 'TM005', 'adidas', 40000, ''),
(2721, '2024-10-24', 'TM008', 'skechers', 35000, ''),
(2722, '2024-10-10', 'TM002', 'nike', 15000, ''),
(2723, '2024-10-21', 'TM004', 'asics', 90000, ''),
(2724, '2024-10-10', 'TM004', 'skechers', 90000, ''),
(2725, '2024-10-29', 'TM004', 'vans', 90000, ''),
(2726, '2024-10-07', 'TM004', 'converse', 90000, ''),
(2727, '2024-10-02', 'TM003', 'adidas', 45000, ''),
(2728, '2024-10-04', 'TM002', 'converse', 15000, ''),
(2729, '2024-10-28', 'TM002', 'jordan', 15000, ''),
(2730, '2024-10-24', 'TM002', 'nike', 15000, ''),
(2731, '2024-10-29', 'TM001', 'new balance', 20000, ''),
(2732, '2024-10-23', 'TM006', 'converse', 35000, ''),
(2733, '2024-10-10', 'TM006', 'nike', 35000, ''),
(2734, '2024-10-10', 'TM006', 'jordan', 35000, ''),
(2735, '2024-10-21', 'TM006', 'jordan', 35000, ''),
(2736, '2024-10-16', 'TM002', 'vans', 15000, ''),
(2737, '2024-10-24', 'TM006', 'skechers', 35000, ''),
(2738, '2024-10-30', 'TM002', 'vans', 15000, ''),
(2739, '2024-10-15', 'TM002', 'vans', 15000, ''),
(2740, '2024-10-29', 'TM001', 'reebok', 20000, ''),
(2741, '2024-10-14', 'TM003', 'reebok', 45000, ''),
(2742, '2024-10-04', 'TM005', 'asics', 40000, ''),
(2743, '2024-10-09', 'TM008', 'puma', 35000, ''),
(2744, '2024-10-16', 'TM004', 'converse', 90000, ''),
(2745, '2024-10-25', 'TM005', 'converse', 40000, ''),
(2746, '2024-10-11', 'TM008', 'vans', 35000, ''),
(2747, '2024-10-07', 'TM005', 'adidas', 40000, ''),
(2748, '2024-10-06', 'TM006', 'puma', 35000, ''),
(2749, '2024-10-08', 'TM006', 'jordan', 35000, ''),
(2750, '2024-10-18', 'TM004', 'puma', 90000, ''),
(2751, '2024-10-03', 'TM005', 'converse', 40000, ''),
(2752, '2024-10-27', 'TM003', 'nike', 45000, ''),
(2753, '2024-10-24', 'TM004', 'new balance', 90000, ''),
(2754, '2024-10-31', 'TM007', 'new balance', 35000, ''),
(2755, '2024-10-29', 'TM007', 'puma', 35000, ''),
(2756, '2024-10-24', 'TM001', 'vans', 20000, ''),
(2757, '2024-10-13', 'TM006', 'asics', 35000, ''),
(2758, '2024-10-18', 'TM006', 'puma', 35000, ''),
(2759, '2024-10-29', 'TM003', 'converse', 45000, ''),
(2760, '2024-10-06', 'TM008', 'skechers', 35000, ''),
(2761, '2024-10-08', 'TM005', 'reebok', 40000, ''),
(2762, '2024-10-17', 'TM003', 'skechers', 45000, ''),
(2763, '2024-10-10', 'TM001', 'jordan', 20000, ''),
(2764, '2024-10-23', 'TM003', 'asics', 45000, ''),
(2765, '2024-10-29', 'TM002', 'puma', 15000, ''),
(2766, '2024-10-25', 'TM008', 'converse', 35000, ''),
(2767, '2024-10-28', 'TM007', 'adidas', 35000, ''),
(2768, '2024-10-31', 'TM003', 'skechers', 45000, ''),
(2769, '2024-10-23', 'TM003', 'reebok', 45000, ''),
(2770, '2024-10-06', 'TM002', 'converse', 15000, ''),
(2771, '2024-10-24', 'TM007', 'new balance', 35000, ''),
(2772, '2024-10-23', 'TM007', 'vans', 35000, ''),
(2773, '2024-10-03', 'TM004', 'converse', 90000, ''),
(2774, '2024-10-28', 'TM005', 'nike', 40000, ''),
(2775, '2024-10-03', 'TM003', 'vans', 45000, ''),
(2776, '2024-10-04', 'TM002', 'converse', 15000, ''),
(2777, '2024-10-12', 'TM007', 'converse', 35000, ''),
(2778, '2024-10-12', 'TM004', 'nike', 90000, ''),
(2779, '2024-10-09', 'TM002', 'skechers', 15000, ''),
(2780, '2024-10-28', 'TM007', 'reebok', 35000, ''),
(2781, '2024-10-06', 'TM003', 'asics', 45000, ''),
(2782, '2024-10-25', 'TM004', 'asics', 90000, ''),
(2783, '2024-10-08', 'TM008', 'asics', 35000, ''),
(2784, '2024-10-01', 'TM001', 'vans', 20000, ''),
(2785, '2024-11-20', 'TM005', 'adidas', 40000, ''),
(2786, '2024-11-10', 'TM001', 'jordan', 20000, ''),
(2787, '2024-11-29', 'TM006', 'skechers', 35000, ''),
(2788, '2024-11-20', 'TM007', 'new balance', 35000, ''),
(2789, '2024-11-18', 'TM008', 'converse', 35000, ''),
(2790, '2024-11-10', 'TM004', 'vans', 90000, ''),
(2791, '2024-11-14', 'TM004', 'new balance', 90000, ''),
(2792, '2024-12-01', 'TM007', 'converse', 35000, 'Sudah Selesai'),
(2793, '2024-11-03', 'TM008', 'asics', 35000, ''),
(2794, '2024-11-27', 'TM007', 'adidas', 35000, ''),
(2795, '2024-12-01', 'TM008', 'adidas', 35000, 'Sudah Selesai'),
(2796, '2024-11-06', 'TM007', 'jordan', 35000, ''),
(2797, '2024-11-13', 'TM001', 'reebok', 20000, ''),
(2798, '2024-11-11', 'TM004', 'asics', 90000, ''),
(2799, '2024-11-27', 'TM005', 'jordan', 40000, ''),
(2800, '2024-11-18', 'TM003', 'puma', 45000, ''),
(2801, '2024-11-02', 'TM003', 'adidas', 45000, ''),
(2802, '2024-11-16', 'TM002', 'puma', 15000, ''),
(2803, '2024-11-22', 'TM005', 'adidas', 40000, ''),
(2804, '2024-11-03', 'TM004', 'adidas', 90000, ''),
(2805, '2024-11-05', 'TM001', 'jordan', 20000, ''),
(2806, '2024-11-06', 'TM005', 'puma', 40000, ''),
(2807, '2024-11-25', 'TM004', 'converse', 90000, ''),
(2808, '2024-11-19', 'TM003', 'asics', 45000, ''),
(2809, '2024-11-08', 'TM001', 'converse', 20000, ''),
(2810, '2024-11-07', 'TM001', 'vans', 20000, ''),
(2811, '2024-11-11', 'TM006', 'nike', 35000, ''),
(2812, '2024-11-28', 'TM006', 'adidas', 35000, ''),
(2813, '2024-11-29', 'TM004', 'skechers', 90000, ''),
(2814, '2024-11-02', 'TM002', 'jordan', 15000, ''),
(2815, '2024-11-14', 'TM006', 'puma', 35000, ''),
(2816, '2024-11-01', 'TM006', 'converse', 35000, ''),
(2817, '2024-11-05', 'TM005', 'nike', 40000, ''),
(2818, '2024-11-07', 'TM004', 'jordan', 90000, ''),
(2819, '2024-11-21', 'TM001', 'skechers', 20000, ''),
(2820, '2024-11-13', 'TM003', 'nike', 45000, ''),
(2821, '2024-11-29', 'TM007', 'reebok', 35000, ''),
(2822, '2024-11-14', 'TM002', 'jordan', 15000, ''),
(2823, '2024-11-23', 'TM003', 'adidas', 45000, ''),
(2824, '2024-11-23', 'TM008', 'puma', 35000, ''),
(2825, '2024-11-10', 'TM002', 'jordan', 15000, ''),
(2826, '2024-11-16', 'TM004', 'asics', 90000, ''),
(2827, '2024-11-24', 'TM002', 'jordan', 15000, ''),
(2828, '2024-11-21', 'TM002', 'puma', 15000, ''),
(2829, '2024-11-30', 'TM006', 'skechers', 35000, ''),
(2830, '2024-11-27', 'TM005', 'nike', 40000, ''),
(2831, '2024-11-12', 'TM005', 'puma', 40000, ''),
(2832, '2024-11-17', 'TM005', 'new balance', 40000, ''),
(2833, '2024-11-26', 'TM006', 'puma', 35000, ''),
(2834, '2024-11-01', 'TM003', 'skechers', 45000, ''),
(2835, '2024-11-19', 'TM002', 'vans', 15000, ''),
(2836, '2024-11-17', 'TM007', 'skechers', 35000, ''),
(2837, '2024-11-12', 'TM002', 'vans', 15000, ''),
(2838, '2024-11-20', 'TM001', 'skechers', 20000, ''),
(2839, '2024-11-04', 'TM002', 'puma', 15000, ''),
(2840, '2024-11-14', 'TM001', 'skechers', 20000, ''),
(2841, '2024-11-14', 'TM003', 'new balance', 45000, ''),
(2842, '2024-11-22', 'TM002', 'asics', 15000, ''),
(2843, '2024-11-15', 'TM004', 'nike', 90000, ''),
(2844, '2024-11-01', 'TM008', 'adidas', 35000, ''),
(2845, '2024-11-21', 'TM006', 'adidas', 35000, ''),
(2846, '2024-11-12', 'TM004', 'vans', 90000, ''),
(2847, '2024-11-09', 'TM005', 'vans', 40000, ''),
(2848, '2024-11-20', 'TM007', 'vans', 35000, ''),
(2849, '2024-11-19', 'TM003', 'nike', 45000, ''),
(2850, '2024-11-30', 'TM003', 'skechers', 45000, ''),
(2851, '2024-11-19', 'TM006', 'vans', 35000, ''),
(2852, '2024-11-11', 'TM005', 'skechers', 40000, ''),
(2853, '2024-11-28', 'TM008', 'asics', 35000, ''),
(2854, '2024-11-12', 'TM006', 'asics', 35000, ''),
(2855, '2024-11-03', 'TM001', 'converse', 20000, ''),
(2856, '2024-11-12', 'TM004', 'jordan', 90000, ''),
(2857, '2024-11-25', 'TM008', 'jordan', 35000, ''),
(2858, '2024-11-22', 'TM002', 'nike', 15000, ''),
(2859, '2024-11-14', 'TM002', 'jordan', 15000, ''),
(2860, '2024-11-22', 'TM004', 'jordan', 90000, ''),
(2861, '2024-11-28', 'TM007', 'vans', 35000, ''),
(2862, '2024-11-16', 'TM004', 'asics', 90000, ''),
(2863, '2024-11-25', 'TM002', 'reebok', 15000, ''),
(2864, '2024-11-09', 'TM006', 'puma', 35000, ''),
(2865, '2024-12-01', 'TM007', 'skechers', 35000, 'Sudah Selesai'),
(2866, '2024-11-06', 'TM002', 'skechers', 15000, ''),
(2867, '2024-11-03', 'TM002', 'asics', 15000, ''),
(2868, '2024-11-24', 'TM001', 'jordan', 20000, ''),
(2869, '2024-11-21', 'TM008', 'nike', 35000, ''),
(2870, '2024-11-22', 'TM006', 'puma', 35000, ''),
(2871, '2024-11-14', 'TM007', 'puma', 35000, ''),
(2872, '2024-11-27', 'TM001', 'adidas', 20000, ''),
(2873, '2024-12-01', 'TM007', 'skechers', 35000, 'Sudah Selesai'),
(2874, '2024-11-04', 'TM002', 'skechers', 15000, ''),
(2875, '2024-11-23', 'TM004', 'puma', 90000, ''),
(2876, '2024-11-24', 'TM007', 'nike', 35000, ''),
(2877, '2024-11-25', 'TM001', 'converse', 20000, ''),
(2878, '2024-11-20', 'TM004', 'nike', 90000, ''),
(2879, '2024-11-15', 'TM005', 'adidas', 40000, ''),
(2880, '2024-11-03', 'TM007', 'reebok', 35000, ''),
(2881, '2024-11-14', 'TM007', 'adidas', 35000, ''),
(2882, '2024-11-29', 'TM003', 'new balance', 45000, ''),
(2883, '2024-12-01', 'TM005', 'jordan', 40000, 'Sudah Selesai'),
(2884, '2024-11-21', 'TM003', 'puma', 45000, ''),
(2885, '2024-11-20', 'TM008', 'converse', 35000, ''),
(2886, '2024-11-03', 'TM008', 'reebok', 35000, ''),
(2887, '2024-11-03', 'TM006', 'jordan', 35000, ''),
(2888, '2024-11-19', 'TM006', 'converse', 35000, ''),
(2889, '2024-11-04', 'TM002', 'nike', 15000, ''),
(2890, '2024-11-21', 'TM006', 'skechers', 35000, ''),
(2891, '2024-11-03', 'TM005', 'new balance', 40000, ''),
(2892, '2024-11-07', 'TM004', 'vans', 90000, ''),
(2893, '2024-12-24', 'TM003', 'puma', 45000, 'Sudah Selesai'),
(2894, '2024-12-16', 'TM001', 'new balance', 20000, 'Sudah Selesai'),
(2895, '2024-12-22', 'TM008', 'jordan', 35000, 'Sudah Selesai'),
(2896, '2024-12-08', 'TM004', 'puma', 90000, 'Sudah Selesai'),
(2897, '2024-12-18', 'TM008', 'skechers', 35000, 'Sudah Selesai'),
(2898, '2024-12-01', 'TM001', 'skechers', 20000, 'Sudah Selesai'),
(2900, '2024-12-22', 'TM005', 'converse', 40000, 'Sudah Selesai'),
(2901, '2024-12-25', 'TM002', 'converse', 15000, 'Sudah Selesai'),
(2903, '2024-12-13', 'TM005', 'new balance', 40000, 'Sudah Selesai'),
(2904, '2024-12-24', 'TM003', 'adidas', 45000, 'Sudah Selesai'),
(2907, '2024-12-21', 'TM005', 'reebok', 40000, 'Sudah Selesai'),
(2909, '2024-12-14', 'TM003', 'converse', 45000, 'Sudah Selesai'),
(2911, '2024-12-12', 'TM003', 'asics', 45000, 'Sudah Selesai'),
(2913, '2024-12-21', 'TM003', 'nike', 45000, 'Sudah Selesai'),
(2914, '2024-12-11', 'TM003', 'adidas', 45000, 'Sudah Selesai'),
(2915, '2024-12-15', 'TM006', 'vans', 35000, 'Sudah Selesai'),
(2916, '2024-12-19', 'TM006', 'skechers', 35000, 'Sudah Selesai'),
(2917, '2024-12-23', 'TM004', 'skechers', 90000, 'Sudah Selesai'),
(2918, '2024-12-24', 'TM008', 'vans', 35000, 'Sudah Selesai'),
(2919, '2024-12-21', 'TM008', 'puma', 35000, 'Sudah Selesai'),
(2921, '2024-12-04', 'TM008', 'jordan', 35000, 'Sudah Selesai'),
(2922, '2024-12-10', 'TM008', 'jordan', 35000, 'Sudah Selesai'),
(2923, '2024-12-19', 'TM002', 'nike', 15000, 'Sudah Selesai'),
(2924, '2024-12-04', 'TM003', 'jordan', 45000, 'Sudah Selesai'),
(2925, '2024-12-20', 'TM004', 'puma', 90000, 'Sudah Selesai'),
(2927, '2024-12-18', 'TM001', 'skechers', 20000, 'Sudah Selesai'),
(2928, '2024-12-23', 'TM001', 'puma', 20000, 'Sudah Selesai'),
(2929, '2024-12-11', 'TM008', 'reebok', 35000, 'Sudah Selesai'),
(2930, '2024-12-03', 'TM008', 'converse', 35000, 'Sudah Selesai'),
(2931, '2024-12-21', 'TM001', 'skechers', 20000, 'Sudah Selesai'),
(2932, '2024-12-04', 'TM008', 'skechers', 35000, 'Sudah Selesai'),
(2933, '2024-12-09', 'TM006', 'adidas', 35000, 'Sudah Selesai'),
(2934, '2024-12-05', 'TM005', 'new balance', 40000, 'Sudah Selesai'),
(2935, '2024-12-12', 'TM004', 'vans', 90000, 'Sudah Selesai');
INSERT INTO `pesanan` (`ID_Pesanan`, `Tanggal_Pesanan`, `Treatment_ID`, `Merk_Sepatu`, `Total_Tagihan`, `Status`) VALUES
(2936, '2024-12-25', 'TM001', 'skechers', 20000, 'Sudah Selesai'),
(2937, '2024-12-02', 'TM002', 'converse', 15000, 'Sudah Selesai'),
(2938, '2024-12-12', 'TM003', 'reebok', 45000, 'Sudah Selesai'),
(2940, '2024-12-05', 'TM006', 'new balance', 35000, 'Sudah Selesai'),
(2941, '2024-12-25', 'TM002', 'converse', 15000, 'Sudah Selesai'),
(2942, '2024-12-06', 'TM004', 'asics', 90000, 'Sudah Selesai'),
(2943, '2024-12-20', 'TM007', 'reebok', 35000, 'Sudah Selesai'),
(2944, '2024-12-04', 'TM008', 'reebok', 35000, 'Sudah Selesai'),
(2945, '2024-12-25', 'TM001', 'converse', 20000, 'Sudah Selesai'),
(2946, '2024-12-16', 'TM003', 'skechers', 45000, 'Sudah Selesai'),
(2948, '2024-12-21', 'TM007', 'jordan', 35000, 'Sudah Selesai'),
(2949, '2024-12-18', 'TM005', 'jordan', 40000, 'Sudah Selesai'),
(2950, '2024-12-08', 'TM003', 'vans', 45000, 'Sudah Selesai'),
(2952, '2024-12-01', 'TM008', 'new balance', 35000, 'Sudah Selesai'),
(2955, '2024-12-25', 'TM001', 'vans', 20000, 'Sudah Selesai'),
(2956, '2024-12-21', 'TM005', 'converse', 40000, 'Sudah Selesai'),
(2957, '2024-12-21', 'TM003', 'skechers', 45000, 'Sudah Selesai'),
(2959, '2024-12-07', 'TM005', 'puma', 40000, 'Sudah Selesai'),
(2960, '2024-12-14', 'TM008', 'vans', 35000, 'Sudah Selesai'),
(2961, '2024-12-13', 'TM006', 'new balance', 35000, 'Sudah Selesai'),
(2962, '2024-12-13', 'TM002', 'new balance', 15000, 'Sudah Selesai'),
(2963, '2024-12-03', 'TM001', 'adidas', 20000, 'Sudah Selesai'),
(2965, '2024-12-24', 'TM002', 'reebok', 15000, 'Sudah Selesai'),
(2966, '2024-12-15', 'TM006', 'nike', 35000, 'Sudah Selesai'),
(2967, '2024-12-15', 'TM008', 'reebok', 35000, 'Sudah Selesai'),
(2968, '2024-12-19', 'TM002', 'skechers', 15000, 'Sudah Selesai'),
(2969, '2024-12-03', 'TM004', 'jordan', 90000, 'Sudah Selesai'),
(2970, '2024-12-18', 'TM006', 'asics', 35000, 'Sudah Selesai'),
(2971, '2024-12-09', 'TM007', 'adidas', 35000, 'Sudah Selesai'),
(2973, '2024-12-24', 'TM004', 'reebok', 90000, 'Sudah Selesai'),
(2974, '2024-12-22', 'TM008', 'adidas', 35000, 'Sudah Selesai'),
(2975, '2024-12-19', 'TM005', 'jordan', 40000, 'Sudah Selesai'),
(2976, '2024-12-04', 'TM008', 'reebok', 35000, 'Sudah Selesai'),
(2977, '2024-12-04', 'TM001', 'new balance', 20000, 'Sudah Selesai'),
(2978, '2024-12-24', 'TM001', 'vans', 20000, 'Sudah Selesai'),
(2979, '2024-12-20', 'TM001', 'asics', 20000, 'Sudah Selesai'),
(2980, '2024-12-18', 'TM006', 'nike', 35000, 'Sudah Selesai'),
(2981, '2024-12-21', 'TM007', 'puma', 35000, 'Sudah Selesai'),
(2982, '2024-12-14', 'TM004', 'jordan', 90000, 'Sudah Selesai'),
(2983, '2024-12-11', 'TM001', 'new balance', 20000, 'Sudah Selesai'),
(2984, '2024-12-16', 'TM007', 'nike', 35000, 'Sudah Selesai'),
(2985, '2024-12-02', 'TM004', 'vans', 90000, 'Sudah Selesai'),
(2986, '2024-12-23', 'TM004', 'vans', 90000, 'Sudah Selesai'),
(2987, '2024-12-22', 'TM001', 'jordan', 20000, 'Sudah Selesai'),
(2989, '2024-12-16', 'TM004', 'new balance', 90000, 'Sudah Selesai'),
(2990, '2024-12-14', 'TM005', 'jordan', 40000, 'Sudah Selesai'),
(2992, '2024-12-06', 'TM001', 'asics', 20000, 'Sudah Selesai'),
(2994, '2024-12-07', 'TM007', 'jordan', 35000, 'Sudah Selesai'),
(2995, '2024-12-19', 'TM008', 'jordan', 35000, 'Sudah Selesai'),
(2996, '2024-12-14', 'TM003', 'converse', 45000, 'Sudah Selesai'),
(2997, '2024-12-21', 'TM006', 'jordan', 35000, 'Sudah Selesai'),
(2998, '2024-12-18', 'TM006', 'puma', 35000, 'Sudah Selesai'),
(2999, '2024-12-20', 'TM007', 'new balance', 35000, 'Sudah Selesai'),
(3000, '2024-12-16', 'TM007', 'converse', 35000, 'Sudah Selesai'),
(3001, '2024-12-01', 'TM007', 'timberland', 40000, 'Sudah Selesai'),
(3002, '2024-12-02', 'TM001', 'timberland', 35000, 'Sudah Selesai'),
(3004, '2024-12-02', 'TM004', 'adidas', 150000, 'Sudah Selesai'),
(3005, '2024-12-03', 'TM004', 'adidas', 150000, 'Sudah Selesai'),
(3006, '2024-12-10', 'TM008', 'aero', 70000, 'Sudah Selesai'),
(3007, '2024-12-10', 'TM001', 'dockmart', 35000, 'Sudah Selesai'),
(3008, '2024-12-10', 'TM007', 'nike', 40000, 'Sudah Selesai'),
(3009, '2024-12-10', 'TM007', 'Adidas', 40000, 'Sudah Selesai');

-- --------------------------------------------------------

--
-- Struktur dari tabel `treatmen`
--

CREATE TABLE `treatmen` (
  `Treatment_ID` varchar(11) CHARACTER SET utf8mb4 COLLATE utf8mb4_general_ci NOT NULL,
  `Nama_Treatment` varchar(20) CHARACTER SET utf8mb4 COLLATE utf8mb4_general_ci NOT NULL,
  `Deskripsi` varchar(255) CHARACTER SET utf8mb4 COLLATE utf8mb4_general_ci NOT NULL,
  `Harga` decimal(27,0) DEFAULT NULL,
  `Estimasi` varchar(225) CHARACTER SET utf8mb4 COLLATE utf8mb4_general_ci NOT NULL
) ENGINE=InnoDB DEFAULT CHARSET=utf8mb4 COLLATE=utf8mb4_general_ci;

--
-- Dumping data untuk tabel `treatmen`
--

INSERT INTO `treatmen` (`Treatment_ID`, `Nama_Treatment`, `Deskripsi`, `Harga`, `Estimasi`) VALUES
('TM001', 'Deep Clean', 'Pencucian sepatu secara menyeluruh, dari bagian luar hingga dalam, termasuk tali sepatu.', 20000, '2-3 Hari'),
('TM002', 'Fast Cleaning', 'Pencucian cepat yang hanya membersihkan bagian atas dan bagian tengah sepatu ', 15000, '2-3 Hari'),
('TM003', 'Unyellowing', 'Memutihkan sol yang telah menguning', 45000, '6-7 Hari'),
('TM004', 'Repaint', 'Pengecatan ulang ketika warna sepatu sudah mulai usang/kusam.', 90000, '13-14 Hari'),
('TM005', 'Repair Sol', 'Reparasi sepatu atau perbaikan yang dilakukan pada sepatu yang mengalami kerusakan', 40000, '13-14 Hari'),
('TM006', 'Whitening', 'Membersihkan sepatu khusus berwarna putih berbahan canvas/mesh.', 35000, '2-3 Hari'),
('TM007', 'Leather Care', 'Membersihkan sepatu yang berbahan kulit', 35000, '2-3 Hari'),
('TM008', 'Reglue', 'Pemasangan kembali bagian sepatu yang terbuka dengan cara di lem.', 35000, '5-7 Hari');

--
-- Indexes for dumped tables
--

--
-- Indeks untuk tabel `admin`
--
ALTER TABLE `admin`
  ADD PRIMARY KEY (`idadmin`),
  ADD UNIQUE KEY `username` (`username`);

--
-- Indeks untuk tabel `customer`
--
ALTER TABLE `customer`
  ADD PRIMARY KEY (`Customer_ID`),
  ADD KEY `ID_Pesanan` (`ID_Pesanan`);

--
-- Indeks untuk tabel `detail_pesanan`
--
ALTER TABLE `detail_pesanan`
  ADD KEY `fk_detail_pesanan_pesanan` (`ID_Pesanan`),
  ADD KEY `fk_detail_pesanan_customer` (`Customer_ID`),
  ADD KEY `Treatment_ID` (`Treatment_ID`),
  ADD KEY `Pembayaran_ID` (`Pembayaran_ID`);

--
-- Indeks untuk tabel `invoice`
--
ALTER TABLE `invoice`
  ADD KEY `fk_invoice_pesanan` (`ID_Pesanan`),
  ADD KEY `fk_invoice_customer` (`Customer_ID`),
  ADD KEY `Treatment_ID` (`Treatment_ID`);

--
-- Indeks untuk tabel `pembayaran`
--
ALTER TABLE `pembayaran`
  ADD PRIMARY KEY (`Pembayaran_ID`),
  ADD KEY `fk_pembayaran_pesanan` (`ID_Pesanan`);

--
-- Indeks untuk tabel `pengeluaran`
--
ALTER TABLE `pengeluaran`
  ADD PRIMARY KEY (`ID_Pengeluaran`);

--
-- Indeks untuk tabel `pesanan`
--
ALTER TABLE `pesanan`
  ADD PRIMARY KEY (`ID_Pesanan`),
  ADD KEY `fk_pesanan_treatmen` (`Treatment_ID`);

--
-- Indeks untuk tabel `treatmen`
--
ALTER TABLE `treatmen`
  ADD PRIMARY KEY (`Treatment_ID`);

--
-- AUTO_INCREMENT untuk tabel yang dibuang
--

--
-- AUTO_INCREMENT untuk tabel `admin`
--
ALTER TABLE `admin`
  MODIFY `idadmin` int NOT NULL AUTO_INCREMENT, AUTO_INCREMENT=2;

--
-- AUTO_INCREMENT untuk tabel `customer`
--
ALTER TABLE `customer`
  MODIFY `Customer_ID` int NOT NULL AUTO_INCREMENT, AUTO_INCREMENT=1110;

--
-- AUTO_INCREMENT untuk tabel `pengeluaran`
--
ALTER TABLE `pengeluaran`
  MODIFY `ID_Pengeluaran` int NOT NULL AUTO_INCREMENT, AUTO_INCREMENT=165;

--
-- AUTO_INCREMENT untuk tabel `pesanan`
--
ALTER TABLE `pesanan`
  MODIFY `ID_Pesanan` int NOT NULL AUTO_INCREMENT, AUTO_INCREMENT=3010;

--
-- Ketidakleluasaan untuk tabel pelimpahan (Dumped Tables)
--

--
-- Ketidakleluasaan untuk tabel `customer`
--
ALTER TABLE `customer`
  ADD CONSTRAINT `fk_customer_pesanan` FOREIGN KEY (`ID_Pesanan`) REFERENCES `pesanan` (`ID_Pesanan`) ON DELETE CASCADE ON UPDATE CASCADE;

--
-- Ketidakleluasaan untuk tabel `detail_pesanan`
--
ALTER TABLE `detail_pesanan`
  ADD CONSTRAINT `detail_pesanan_ibfk_1` FOREIGN KEY (`Treatment_ID`) REFERENCES `treatmen` (`Treatment_ID`) ON DELETE RESTRICT ON UPDATE CASCADE,
  ADD CONSTRAINT `detail_pesanan_ibfk_2` FOREIGN KEY (`Pembayaran_ID`) REFERENCES `pembayaran` (`Pembayaran_ID`) ON DELETE RESTRICT ON UPDATE CASCADE,
  ADD CONSTRAINT `fk_detail_pesanan_customer` FOREIGN KEY (`Customer_ID`) REFERENCES `customer` (`Customer_ID`) ON DELETE CASCADE ON UPDATE CASCADE,
  ADD CONSTRAINT `fk_detail_pesanan_pesanan` FOREIGN KEY (`ID_Pesanan`) REFERENCES `pesanan` (`ID_Pesanan`) ON DELETE CASCADE ON UPDATE CASCADE;

--
-- Ketidakleluasaan untuk tabel `invoice`
--
ALTER TABLE `invoice`
  ADD CONSTRAINT `fk_invoice_customer` FOREIGN KEY (`Customer_ID`) REFERENCES `customer` (`Customer_ID`) ON DELETE CASCADE ON UPDATE CASCADE,
  ADD CONSTRAINT `fk_invoice_pesanan` FOREIGN KEY (`ID_Pesanan`) REFERENCES `pesanan` (`ID_Pesanan`) ON DELETE CASCADE ON UPDATE CASCADE,
  ADD CONSTRAINT `invoice_ibfk_1` FOREIGN KEY (`Treatment_ID`) REFERENCES `treatmen` (`Treatment_ID`);

--
-- Ketidakleluasaan untuk tabel `pembayaran`
--
ALTER TABLE `pembayaran`
  ADD CONSTRAINT `fk_pembayaran_pesanan` FOREIGN KEY (`ID_Pesanan`) REFERENCES `pesanan` (`ID_Pesanan`) ON DELETE CASCADE ON UPDATE CASCADE;

--
-- Ketidakleluasaan untuk tabel `pesanan`
--
ALTER TABLE `pesanan`
  ADD CONSTRAINT `fk_pesanan_treatmen` FOREIGN KEY (`Treatment_ID`) REFERENCES `treatmen` (`Treatment_ID`) ON DELETE CASCADE ON UPDATE CASCADE;
COMMIT;

/*!40101 SET CHARACTER_SET_CLIENT=@OLD_CHARACTER_SET_CLIENT */;
/*!40101 SET CHARACTER_SET_RESULTS=@OLD_CHARACTER_SET_RESULTS */;
/*!40101 SET COLLATION_CONNECTION=@OLD_COLLATION_CONNECTION */;
